G000002515	G000002545	G000003855	G000006335	G000006445	G000026945	G000091025	G000146045	G000149425	G000149645	G000149955	G000181695	G000182965	G000185945	G000226395	G000243375	G000300575	G000315645	G000349305	G000721785	G000769745	G001298625	G001417885	G001642055	G001661405	G002079055	G002775015	G003290485	G004154835	G004353045	G900007375
0	0	2	0	0	0	0	0	0	0	0	12517	0	0	0	0	0	0	0	0	0	0	0	0	0	0	0	2	0	4	0
0	0	3	0	0	0	0	0	0	0	0	17941	0	0	0	0	0	0	0	1	0	0	0	0	0	0	0	3	1	1	0
0	0	1	0	0	0	0	0	0	0	0	22755	2	0	0	0	0	0	0	0	0	0	0	0	0	0	1	0	0	2	0
0	0	0	0	0	0	0	7	0	0	2	16730	0	0	0	0	7	0	0	0	0	0	0	0	0	1	0	2	2	30	1
0	0	1	0	0	0	0	10	0	0	0	7599	0	0	0	0	28	0	0	0	0	0	1	0	0	0	0	22	1	54	1
0	0	1	0	0	0	0	0	0	0	0	25473	0	0	0	0	0	0	0	0	0	0	0	0	0	0	0	4	0	1	0
0	0	3	0	0	0	0	10	0	1	0	2487	0	0	4	0	39	0	0	0	1	0	0	0	0	0	1	53	0	3	0
0	0	0	0	0	0	0	0	0	0	0	20640	0	0	0	0	0	0	0	0	0	0	0	0	0	0	0	6	2	0	0
0	0	0	0	0	0	0	6	0	0	0	4813	0	0	0	0	1	0	0	0	0	0	0	0	0	0	0	8	9	182	0
0	0	4	0	0	0	0	0	0	1	0	34851	1	0	0	0	0	0	0	0	0	0	0	0	0	0	3	4	0	0	0
0	0	2	0	0	0	0	0	0	0	2	15094	0	0	0	0	0	0	0	0	0	0	0	0	0	0	0	0	0	21	0
0	0	2	0	2	0	0	0	0	1	0	8661	0	0	0	0	0	0	0	0	0	0	0	0	0	0	1	24	1	0	0
0	0	3	0	0	0	0	0	0	0	0	26952	1	0	0	0	0	0	0	0	0	0	0	0	0	0	1	2	0	0	0
0	0	1	0	0	0	0	0	0	0	1	23473	0	0	0	0	4	0	0	0	0	0	0	0	0	0	3	0	1	0	0
0	0	9	0	0	0	0	2	0	1	2	7111	1	0	1	0	14	0	0	0	0	0	0	1	0	0	4	0	1	1	1
0	0	2	0	0	0	0	8	0	0	0	19504	0	0	0	0	0	0	0	0	0	0	0	0	0	1	0	0	1	16	0
0	0	0	0	0	0	0	4	0	0	0	19676	0	0	0	0	0	1	0	0	0	0	0	0	0	0	0	2	0	1	0
0	0	0	0	0	0	0	2	0	0	0	21731	1	0	0	0	0	0	0	0	0	0	0	0	0	0	1	6	1	0	0
0	0	0	0	0	0	0	2	0	0	0	22805	0	0	0	0	0	0	0	0	1	0	0	0	0	0	1	0	0	0	0
0	0	3	0	0	0	0	2	0	0	0	29371	0	0	0	0	2	0	0	0	0	0	0	0	0	0	0	1	0	1	0
0	0	11	0	0	0	0	0	0	0	0	24834	1	0	0	0	0	0	0	0	0	0	0	0	2	0	2	0	6	103	0
0	0	1	0	0	0	0	2	0	0	0	18488	0	0	0	0	11	0	0	0	0	0	0	0	0	0	0	16	0	1	0
0	0	0	0	0	0	0	2	0	0	0	18958	0	0	0	0	0	0	0	0	0	0	0	0	0	0	3	8	0	1	0
0	0	1	0	0	0	0	0	0	0	0	34078	1	0	0	0	3	0	0	0	0	0	0	0	0	0	1	2	4	1	0
0	0	8	0	0	0	0	0	0	0	0	17403	1	0	1	0	0	0	0	0	0	0	0	0	0	0	4	3	0	0	2
0	0	0	0	0	0	0	5	0	0	0	17474	0	0	0	0	5	2	0	0	0	0	0	0	0	0	0	10	1	1	0
0	0	0	0	0	0	0	2	0	0	0	25439	0	0	0	0	0	0	0	1	0	0	0	0	0	0	0	8	0	0	0
0	0	0	0	0	0	0	0	0	0	0	4326	0	0	0	0	0	0	0	0	0	0	0	0	0	0	0	0	0	0	0
0	0	2	0	0	0	0	2	0	0	0	25605	0	1	0	0	3	0	0	0	0	0	0	0	0	0	0	4	0	0	0
0	0	0	0	0	0	0	0	0	0	0	10453	0	0	0	0	0	0	0	0	0	0	0	0	0	0	1	0	1	0	0
0	0	0	1	0	0	0	0	0	0	0	15145	0	0	0	0	0	0	0	0	0	0	0	0	0	0	0	0	0	0	0
0	0	0	0	0	0	0	0	0	0	0	18464	0	0	0	0	2	0	0	0	0	0	0	1	0	0	0	0	4	0	0
0	0	0	0	0	0	0	0	0	0	0	19706	1	0	0	0	2	0	0	0	0	0	0	0	0	0	0	2	0	0	0
0	15	0	0	0	0	0	0	0	0	0	19005	0	0	0	0	0	0	0	0	0	0	0	0	0	0	0	0	0	0	0
0	0	0	0	0	0	0	0	0	0	0	5166	0	0	0	0	0	0	0	0	0	0	0	0	0	0	0	0	0	0	0
0	0	0	0	0	0	0	0	2	0	0	21895	0	0	0	0	0	10	0	0	0	0	0	0	0	0	0	2	0	0	0
0	0	0	0	0	0	0	0	0	0	0	19917	3	0	0	0	0	1	0	0	0	0	0	0	0	0	0	0	0	0	0
0	0	0	0	0	0	0	0	0	0	0	4526	0	0	0	0	0	0	0	0	0	0	0	0	0	0	0	0	0	0	0
0	0	0	0	0	0	0	0	0	0	0	5546	0	0	0	0	0	0	0	0	0	0	0	0	0	0	0	0	0	0	0
0	0	0	915	0	2	0	0	1	0	0	22868	4	0	0	0	6	0	0	0	0	0	0	0	0	0	1	15	0	0	0
0	0	0	0	0	0	0	0	0	0	0	16764	0	0	0	0	0	0	0	0	0	0	0	0	2	0	0	3	0	0	0
0	0	0	0	0	0	0	0	0	0	0	14459	1	0	0	0	2	0	0	0	0	0	0	0	0	0	0	4	0	0	0
0	249	0	0	0	3	0	0	0	0	0	5869	61	0	0	0	0	0	0	0	0	0	1	0	0	0	0	0	0	0	0
0	0	0	0	0	0	0	2	0	0	0	9522	0	0	0	0	0	0	0	0	0	0	0	1	0	0	0	0	1	0	0
0	0	0	0	0	0	0	0	0	0	0	17281	0	0	0	0	1	0	0	0	0	0	0	0	0	0	3	3	1	1	0
0	0	2	0	0	0	0	2	0	0	0	24383	0	0	0	0	2	0	0	1	0	0	0	0	0	0	1	0	1	0	0
0	0	5	0	0	0	0	0	0	2	0	23519	0	0	0	0	0	0	0	0	0	0	0	0	0	0	1	0	0	0	1
0	0	2	0	0	0	0	2	0	0	0	12920	0	0	0	0	0	0	0	0	0	0	0	0	0	0	1	0	1	2	0
0	0	3	0	0	0	0	0	0	0	0	9741	0	0	0	0	0	0	0	0	0	0	0	2	0	0	1	0	0	1	0
0	0	5	0	0	0	0	0	0	0	0	20437	2	0	0	0	3	0	0	0	0	0	0	0	0	0	1	0	0	0	0
0	0	1	0	0	0	0	0	0	0	0	30755	2	0	0	0	0	0	0	0	0	0	0	0	0	0	0	0	5	1	0
0	0	3	0	0	0	0	0	0	0	0	15664	0	0	0	0	0	0	0	1	0	0	0	0	0	0	0	2	1	1	0
0	0	0	0	0	0	0	0	0	0	0	16533	0	0	0	0	0	0	0	0	0	0	0	0	0	0	0	4	0	0	0
0	0	6	0	0	0	0	0	0	0	0	27762	1	0	0	0	0	0	0	0	0	0	1	0	0	0	1	0	9	9	0
0	0	2	0	0	0	0	0	0	0	1	14151	0	0	0	0	2	0	0	0	0	0	0	0	4	0	1	4	0	0	0
0	0	1	0	0	0	0	0	0	0	0	21788	0	0	0	0	0	0	0	0	0	0	0	0	0	0	2	0	1	0	0
0	0	1	0	0	0	0	1	0	0	0	15336	0	0	0	0	0	0	0	0	0	0	0	0	0	1	0	3	6	3	0
0	0	2	0	0	0	0	0	0	0	0	22919	0	0	0	0	0	0	0	0	0	0	0	0	0	0	1	1	0	0	0
0	0	0	0	0	0	0	0	0	0	0	26706	0	0	0	0	0	0	0	0	0	0	0	0	1	0	1	10	6	3	0
0	0	3	0	0	0	0	0	0	0	0	27772	0	0	0	0	0	0	0	0	0	0	0	0	0	0	0	0	2	1	0
0	0	10	0	0	0	0	0	0	0	0	27719	0	0	0	0	0	0	0	0	0	0	0	0	0	0	3	2	0	0	0
0	0	0	0	0	0	0	0	0	0	0	15329	1	0	0	0	0	0	0	0	0	0	0	0	0	0	0	0	0	0	0
0	0	0	0	0	0	0	0	0	0	0	13787	2	0	0	0	0	0	0	0	0	0	0	0	0	0	0	0	0	0	0
0	0	0	0	0	0	0	3	0	0	0	16160	0	0	1	0	0	0	0	0	0	0	0	0	0	0	0	0	0	0	0
0	0	0	0	0	0	0	0	0	0	0	23963	0	0	0	0	6	0	0	0	0	0	0	0	0	0	0	2	0	0	0
0	0	0	0	0	0	0	0	0	0	0	4689	0	0	0	0	2	0	0	0	0	0	0	0	0	0	0	0	0	0	0
0	0	0	0	0	0	0	0	0	0	0	17941	0	0	0	0	2	0	0	0	0	0	0	0	0	0	0	2	0	0	0
0	0	0	0	0	0	0	0	0	0	0	17254	0	0	0	0	0	0	0	0	0	0	0	0	0	0	0	5	0	0	0
0	0	0	0	0	0	0	0	0	0	0	17309	2	0	0	0	2	0	0	0	0	0	0	0	1	0	0	0	0	0	0
0	0	1	0	0	0	0	0	0	0	0	12316	1	0	0	0	0	0	0	0	0	0	0	0	0	0	0	0	3	0	0
0	0	7	0	0	0	0	2	0	0	0	11593	2	0	0	0	0	0	0	0	0	0	0	0	0	0	2	0	4	72	0
0	0	0	0	0	0	0	0	0	0	0	4303	0	0	2	0	0	0	0	0	0	0	0	0	0	0	0	0	0	0	0
0	0	0	0	0	0	0	0	0	4	0	17760	0	0	0	0	2	0	0	0	0	0	0	0	0	0	0	2	0	0	0
0	0	0	0	0	0	0	0	0	0	0	15688	0	0	0	0	0	0	0	0	0	0	0	0	0	0	0	4	0	0	0
0	0	0	0	0	0	0	0	0	0	0	7003	1	0	0	0	0	0	0	0	0	0	2	0	0	0	0	1	0	0	0
0	0	14	0	0	0	0	0	0	0	0	12648	0	0	0	0	2	0	0	0	0	0	0	0	0	0	4	5	2	2	0
0	0	0	0	0	0	0	0	0	0	0	5079	0	0	0	0	0	0	0	0	0	0	0	0	0	0	0	0	0	0	0
0	0	0	0	0	1	0	2	0	0	0	25203	0	0	0	0	0	0	0	0	0	0	0	0	0	0	0	4	1	0	0
0	0	0	0	0	0	0	0	0	0	0	4389	0	0	0	0	2	2	0	0	0	0	0	0	0	0	0	2	0	0	0
0	0	0	0	0	0	0	0	0	15	0	20289	0	0	1	0	0	0	0	0	0	0	0	0	0	0	0	0	0	0	0
0	0	0	0	0	0	0	2	0	10	0	16576	0	0	1	0	2	0	0	0	0	0	0	0	0	0	0	4	0	0	0
0	0	0	0	0	0	0	0	0	0	0	4278	0	0	0	0	0	1	0	0	0	0	0	0	0	0	0	2	0	0	0
0	0	1	0	0	0	0	0	0	0	0	19185	0	0	2	0	4	0	0	0	0	0	0	0	0	0	0	4	0	0	0
0	0	0	0	0	0	0	0	0	0	0	14966	0	0	0	0	0	0	0	0	0	0	0	0	2	0	0	5	0	0	0
0	0	1	0	0	0	0	0	0	0	0	12461	0	0	0	0	0	0	0	0	0	0	0	0	0	0	1	3	0	2	0
0	0	0	0	0	0	0	0	0	0	0	17955	0	0	0	0	0	0	0	0	0	0	0	0	0	0	1	8	0	16	0
0	0	3	0	0	0	0	0	0	0	0	27902	0	0	0	0	0	0	0	0	0	0	0	1	0	0	0	5	1	2	0
0	1	0	0	0	0	0	0	0	0	0	36757	1	0	0	0	0	0	0	0	0	0	0	0	0	0	0	0	2	2	0
0	0	0	0	0	0	0	0	0	0	0	14974	0	0	0	0	0	0	0	0	0	0	0	0	0	0	0	5	1	0	0
0	0	0	0	0	0	0	0	0	0	0	14384	1	0	0	0	0	4	0	0	0	0	0	0	0	0	0	4	0	6	0
0	0	1	0	0	0	0	6	0	0	0	22396	1	0	2	0	26	0	0	0	0	0	0	0	0	0	1	3	1	15	0
0	0	4	0	0	0	0	0	0	0	0	14997	0	1	0	0	10	0	0	0	0	0	0	0	0	0	1	1	1	1	0
0	0	1	0	0	0	0	0	0	0	0	14445	0	0	0	0	0	9	0	0	0	0	0	0	0	1	1	9	1	3	0
0	0	1	0	0	0	0	2	0	0	1	8609	0	0	0	0	6	0	2	0	0	0	0	0	2	0	3	21	0	0	0
0	0	2	0	0	0	0	1	0	0	0	19121	1	0	1	0	3	0	0	0	0	0	0	0	0	1	0	2	0	0	0
0	0	5	0	7	0	0	7	0	13	1	12639	0	0	11	0	36	2	0	19	7	0	0	5	0	0	0	159	11	7	1
0	0	3	0	0	0	0	0	0	0	0	8190	0	0	0	0	2	0	0	0	0	0	0	0	0	0	0	0	0	1	0
0	0	2	0	0	0	0	2	0	0	0	14666	0	0	0	0	0	0	0	0	0	0	0	0	0	0	1	0	4	0	0
0	0	10	0	0	0	0	4	0	0	0	34969	1	0	0	0	5	1	0	0	0	0	0	0	0	0	2	4	20	8	0
0	0	1	0	0	0	0	0	0	0	0	27249	0	0	0	0	0	0	0	0	0	0	0	0	0	0	1	0	2	2	0
0	0	0	0	0	0	0	2	0	54	0	30740	0	0	0	0	0	0	0	0	0	0	0	0	0	0	0	0	0	2	0
0	0	8	1	0	9	0	3	0	0	0	50576	162	0	0	0	4	0	0	0	0	0	1	0	0	0	4	7	0	0	0
0	0	0	0	0	0	0	0	0	0	0	35901	1	0	0	0	2	0	0	0	0	0	0	0	0	0	2	0	3	1	0
0	0	0	0	0	0	0	9	0	0	0	6082	0	0	0	0	0	0	0	0	0	0	0	0	0	1	0	0	0	0	0
0	2	10	0	0	0	0	14	0	0	0	42912	0	0	0	0	31	0	0	0	0	0	0	0	0	0	1	7	6	2	1
0	0	0	0	0	0	0	0	0	0	0	6786	0	0	0	0	0	0	0	0	0	0	0	0	0	0	0	2	0	0	0
0	0	1	0	0	0	0	0	0	0	0	26631	1	0	0	0	2	0	0	0	0	0	0	0	0	0	0	2	0	0	0
0	0	0	0	0	0	0	9	0	0	0	6081	0	0	0	0	0	0	0	0	0	0	0	0	0	1	0	0	0	0	0
0	0	1	0	0	0	0	0	0	0	0	26631	1	0	0	0	2	0	0	0	0	0	0	0	0	0	0	2	0	0	0
0	0	1	0	0	0	0	0	0	0	0	7878	0	0	0	0	0	0	0	0	0	0	0	0	0	0	0	0	0	0	0
0	0	0	0	0	0	0	0	0	0	0	3276	0	0	0	0	0	0	0	0	0	0	0	0	0	0	0	0	0	0	0
0	0	0	0	0	0	0	0	0	0	0	7054	0	0	0	0	2	0	0	0	0	0	0	0	0	0	0	0	0	0	0
0	0	0	0	0	0	0	0	0	0	0	17967	0	0	0	0	0	0	0	0	0	0	0	0	0	0	0	3	0	0	0
0	0	2	0	0	0	0	0	0	0	0	27633	0	0	0	0	2	0	0	0	0	0	0	0	0	0	0	4	0	0	0
0	0	0	0	0	0	0	0	0	0	0	3905	0	0	0	0	1	0	0	0	0	0	0	0	0	0	0	2	0	0	0
0	0	0	0	0	0	0	0	0	0	0	15916	0	0	0	0	0	0	0	0	0	0	0	0	0	0	0	2	0	0	0
0	0	0	0	0	5	0	0	0	0	0	1689	101	0	0	0	0	0	0	0	0	0	0	0	0	0	0	0	0	0	0
0	0	0	0	0	0	0	0	0	0	0	7585	0	0	0	0	0	0	0	0	0	0	0	0	0	0	0	2	0	0	0
0	0	0	0	0	0	0	0	0	0	0	6763	2	0	0	0	8	0	0	0	0	0	0	0	1	0	1	0	4	2	0
0	0	0	0	0	0	0	0	0	0	0	6786	0	0	0	0	0	0	0	0	0	0	0	0	0	0	0	2	0	0	0
0	0	3	0	0	0	0	1	0	0	1	21422	0	0	0	0	2	0	0	0	0	0	0	0	0	1	2	2	0	1	0
0	0	1	0	0	0	0	7	0	0	0	10328	1	0	0	0	22	0	0	0	0	0	1	1	0	0	4	32	2	68	0
0	1	0	6	1	86	1	0	1	0	0	6938	1682	0	0	0	0	0	0	0	0	0	0	0	0	0	0	0	0	0	0
0	0	0	0	0	0	0	0	0	0	0	3840	0	0	0	0	0	0	0	0	0	0	0	0	0	0	0	4	0	0	0
0	0	3	0	0	4	0	1	0	0	0	17615	126	0	0	0	0	0	0	0	0	0	0	0	0	0	0	5	4	1	0
0	0	1	0	0	0	0	2	0	0	0	32225	10	0	0	0	0	1	2	0	0	0	0	0	2	0	1	16	0	0	0
0	0	0	0	0	0	0	2	0	0	0	17729	0	0	0	0	2	0	0	0	0	0	0	0	0	0	2	4	1	1	0
0	0	3	0	0	0	0	0	0	0	2	18275	0	0	0	0	0	0	0	0	0	0	0	0	0	0	4	2	2	0	0
0	0	0	0	0	0	0	0	0	0	0	4675	0	0	0	0	0	0	0	0	0	0	0	0	0	0	0	0	0	0	0
0	0	0	0	0	0	0	4	0	0	0	13489	4	0	0	0	4	0	0	0	0	0	0	0	0	0	0	0	0	0	0
0	0	6	0	0	0	0	0	0	0	0	23602	0	0	0	0	0	0	0	0	0	0	0	0	0	0	0	0	0	0	0
0	0	0	0	0	0	0	0	0	0	0	12820	0	0	0	0	0	3	0	0	0	0	0	0	0	0	0	2	0	0	0
0	0	0	0	0	0	0	0	0	0	0	4502	0	0	0	0	0	0	0	0	0	0	0	0	0	0	0	1	0	0	0
0	0	1	0	0	0	0	0	0	0	0	18350	0	0	0	0	0	0	0	0	0	0	0	1	0	0	0	3	3	3	0
0	0	1	0	0	0	0	0	0	0	0	15434	19	0	0	0	0	0	0	0	0	0	0	0	1	0	0	0	0	0	0
0	1	0	0	0	0	0	0	0	0	0	20590	0	0	0	0	0	0	0	0	0	0	0	0	0	0	0	0	0	0	0
0	0	1	0	0	0	0	0	0	0	0	24242	0	0	0	0	3	0	0	0	0	0	0	0	0	0	0	2	2	1	0
0	0	0	0	0	0	0	2	0	0	0	11295	2	0	0	0	0	0	0	0	0	0	0	0	0	0	1	0	2	0	1
0	0	7	0	0	0	0	0	0	0	0	20723	0	0	0	0	0	0	0	0	0	1	0	0	0	0	2	0	0	0	0
0	0	1	0	0	0	0	0	0	0	0	15304	0	0	0	0	2	0	0	0	0	0	0	0	0	0	0	3	1	0	0
0	0	0	0	0	0	0	1	0	0	0	26925	0	0	0	0	2	0	0	0	0	0	0	0	0	0	0	2	0	0	0
0	0	1	0	0	0	0	2	0	0	0	15273	0	0	0	0	0	0	0	0	0	0	0	0	0	0	0	0	0	0	0
0	0	0	0	0	0	0	2	0	0	0	22310	0	0	0	0	4	0	0	0	0	0	0	0	0	0	0	0	0	0	0
0	0	0	0	0	0	0	0	0	0	0	14004	0	0	0	0	2	0	0	0	0	0	0	0	1	0	0	0	0	0	0
0	0	0	0	0	0	0	0	0	0	0	26072	1	0	0	0	0	0	0	0	0	0	0	0	0	0	0	4	0	0	0
0	0	0	0	0	0	0	0	0	0	0	13001	0	0	0	0	0	0	0	0	0	0	0	0	1	0	0	0	0	0	0
0	0	0	0	0	0	0	2	0	0	0	33549	0	0	0	0	0	0	0	0	0	0	0	0	0	0	0	0	1	1	0
0	0	0	0	0	0	0	0	0	0	0	6391	0	0	0	0	0	0	0	0	0	0	0	0	0	0	0	0	0	0	0
0	0	0	0	0	0	0	0	0	0	0	28029	0	0	0	0	2	6	0	0	0	0	0	0	0	0	0	4	0	0	0
0	0	0	0	0	0	0	0	0	0	0	4047	0	0	0	0	0	2	0	0	0	0	0	0	0	0	0	2	0	0	0
0	0	0	0	0	0	0	0	0	0	0	21601	0	0	0	0	2	0	0	0	0	0	0	0	0	0	0	1	0	0	0
0	0	0	0	0	0	0	0	0	0	0	19982	1	0	0	0	2	0	0	0	0	0	0	0	0	0	0	11	0	0	0
0	0	0	0	0	0	0	0	0	0	0	21978	1	0	8	0	0	0	0	0	0	0	0	0	0	0	0	0	0	0	0
0	0	0	0	0	0	0	0	0	0	0	7367	0	0	2	0	0	0	0	0	0	0	0	0	0	0	0	6	0	0	0
0	0	0	0	0	0	0	0	0	0	0	4002	0	0	0	0	0	0	0	0	0	0	0	0	0	0	0	0	0	0	0
0	0	0	0	0	0	0	0	0	0	0	2946	0	0	2	0	0	0	0	0	0	0	0	0	0	0	0	0	0	0	0
0	0	0	0	0	0	0	0	0	0	0	17529	2	0	0	0	0	0	0	0	0	0	0	0	0	0	0	1	0	0	0
0	0	0	0	0	0	0	0	0	0	0	25900	0	0	0	0	2	0	0	0	0	0	0	0	0	0	0	2	0	0	0
0	0	0	0	0	0	0	0	0	0	0	20678	0	0	0	0	2	0	0	0	0	0	0	1	0	0	0	4	1	0	0
0	0	10	0	0	0	0	0	0	0	0	16127	0	0	0	0	2	0	0	0	0	0	1	0	0	0	1	0	0	0	0
0	0	0	0	0	0	0	0	0	0	0	3122	0	0	0	0	0	0	0	0	0	0	0	0	0	0	0	0	0	0	0
0	0	0	0	0	0	0	0	0	0	0	19836	1	0	0	0	0	0	0	0	0	0	0	0	0	0	0	0	0	0	0
0	0	2	0	0	0	0	0	0	0	0	17239	0	0	0	0	0	0	0	0	0	0	0	0	0	0	0	13	0	2	0
0	0	1	0	0	0	0	0	0	0	0	17431	0	0	0	0	0	0	0	0	0	0	0	0	0	0	0	4	0	9	0
0	0	1	0	0	0	0	3	0	0	1	17031	0	0	0	0	8	0	0	0	0	0	0	0	1	0	0	1	0	0	1
1	0	4	0	7	0	0	20	0	2	0	7689	0	0	8	0	39	4	2	8	4	0	1	5	2	0	0	675	14	77	0
0	0	2	0	0	0	0	4	0	0	0	6957	0	0	0	0	8	0	0	0	0	0	0	0	2	0	2	10	0	3	0
0	0	5	0	1	0	0	4	0	0	0	17834	0	0	1	0	2	0	1	0	1	0	1	1	0	0	0	94	1	1	0
0	0	0	0	0	0	0	30	8	1	0	7766	0	1	2	0	68	0	6	0	0	0	0	4	2	2	0	882	17	270	0
0	0	4	0	0	0	0	0	0	0	0	5195	0	0	0	0	9	0	0	0	0	0	0	0	2	0	0	8	10	82	0
0	0	1	0	0	0	0	0	0	0	0	25998	0	0	0	0	0	0	0	0	0	0	0	0	0	0	0	0	1	2	0
0	0	2	0	0	1	0	2	0	0	0	18091	0	0	0	0	0	0	0	0	0	0	0	0	1	0	2	4	1	2	0
0	0	2	0	0	0	0	2	0	0	1	23150	0	0	0	0	1	4	0	0	0	0	0	0	0	0	1	1	2	1	0
0	1	1	0	0	0	0	2	0	0	0	3368	0	0	0	0	6	0	0	0	0	0	0	0	0	0	0	6	7	92	0
0	0	0	0	0	0	0	0	0	0	0	3179	0	0	0	0	0	0	0	0	0	0	0	0	0	0	0	0	0	0	0
0	0	2	0	0	0	0	2	0	0	0	12892	1	0	0	0	0	0	0	0	0	0	0	0	0	0	0	4	8	32	0
0	0	9	0	0	1	0	9	0	0	2	12658	0	0	3	0	16	6	1	0	0	0	2	2	6	1	1	94	2	2	2
0	0	0	0	0	0	0	0	0	0	0	24213	0	0	0	0	4	0	0	0	0	0	0	0	0	0	0	6	0	0	0
0	0	0	0	0	0	0	0	0	0	0	26374	12	0	0	0	2	0	0	0	0	0	0	0	0	0	0	4	0	0	0
0	0	6	0	0	0	0	6	0	0	1	25577	0	0	0	0	0	0	0	3	0	0	0	0	0	0	0	7	1	0	0
0	0	1	0	0	0	0	4	0	0	0	32251	0	0	0	0	2	8	0	0	0	0	0	0	0	0	0	11	0	0	0
0	0	0	0	0	0	0	0	0	0	0	5802	0	0	0	0	0	0	0	0	0	0	0	0	0	0	0	0	0	0	0
0	0	3	0	0	2	0	17	0	0	0	18264	27	0	0	0	4	0	0	0	0	0	0	0	0	0	1	19	0	0	0
0	0	0	0	0	0	0	0	0	0	0	23648	0	0	0	0	0	0	0	0	0	0	0	0	0	0	0	0	0	0	0
0	0	1	0	0	0	0	0	0	0	0	26617	0	0	0	0	0	0	0	0	0	0	0	0	0	0	0	0	3	5	0
0	0	5	0	0	0	0	0	0	0	0	33471	1	0	0	0	0	0	0	0	0	0	0	0	0	0	2	0	1	0	0
0	0	0	0	0	0	0	0	0	0	0	26702	0	0	0	0	8	0	0	0	0	0	0	0	0	0	1	2	4	1	0
0	0	0	0	0	0	0	0	0	0	0	7764	0	0	0	0	0	0	0	0	0	0	0	0	0	0	0	0	0	0	0
0	0	0	0	0	0	0	0	0	0	0	19366	0	0	0	0	0	0	2	0	0	0	0	0	0	0	0	2	0	0	0
0	0	0	0	0	0	0	0	0	0	0	24063	0	0	0	0	0	0	0	0	0	0	0	0	1	0	0	0	0	0	0
0	0	0	0	0	0	0	0	0	0	0	5395	0	0	0	0	0	0	0	0	0	0	0	0	0	0	0	0	0	0	0
0	0	0	0	0	0	0	0	0	0	0	24063	0	0	0	0	0	0	0	0	0	0	0	0	1	0	0	0	0	0	0
0	0	0	0	0	0	0	0	0	0	0	6640	0	0	0	0	0	0	0	0	0	0	0	0	0	0	0	0	0	0	0
0	0	0	0	0	0	0	0	0	0	0	3560	0	0	0	0	0	0	0	0	0	0	0	0	0	0	0	2	0	0	0
0	0	0	0	0	0	0	0	0	0	0	6274	0	0	0	0	0	0	0	0	0	0	0	0	0	0	0	0	0	0	0
0	0	0	0	0	0	0	0	0	0	0	19015	2	0	0	0	3	0	0	0	0	0	0	0	0	0	0	4	0	0	0
0	0	0	0	0	0	0	0	0	0	0	5183	0	0	0	0	0	0	0	0	0	0	0	0	0	0	0	0	0	0	0
0	0	0	0	0	0	0	0	0	0	0	4036	0	0	0	0	0	0	0	0	0	0	0	0	0	0	0	3	0	0	0
0	0	0	0	0	0	0	0	0	0	0	4839	0	0	0	0	4	0	0	0	0	0	0	0	0	0	0	2	0	0	0
0	0	2	0	0	0	0	2	0	0	0	23937	1	0	0	0	4	0	0	0	0	0	0	0	0	0	0	0	0	0	0
0	0	19	0	0	0	0	1	0	0	1	19074	0	0	0	0	4	0	0	0	0	0	0	0	0	0	2	0	1	2	1
0	0	0	0	0	0	0	0	0	0	0	24498	0	0	0	0	2	0	0	0	0	0	0	0	0	0	0	1	0	0	0
0	0	0	0	0	0	0	0	0	0	0	24498	0	0	0	0	2	0	0	0	0	0	0	0	0	0	0	1	0	0	0
0	0	0	0	0	0	0	0	0	0	0	19820	0	0	0	0	0	3	0	0	0	0	0	0	0	0	0	2	0	0	0
0	0	0	0	0	0	0	0	0	0	0	3706	0	0	0	0	2	0	0	0	0	0	0	0	0	0	0	4	0	0	0
0	0	2	0	0	2	0	0	0	0	0	23176	2	0	0	0	2	0	0	0	0	0	0	0	0	0	1	8	1	2	0
0	0	5	0	0	0	0	0	0	0	0	27186	0	0	0	0	0	0	0	0	0	0	0	0	0	0	1	2	0	0	0
0	0	0	0	0	0	0	0	0	0	0	7910	4	0	0	0	0	0	0	0	0	0	0	0	0	0	0	2	0	0	0
0	0	2	0	0	0	0	0	0	0	0	28735	0	0	0	0	0	0	0	0	0	0	0	0	0	0	0	6	0	0	1
0	0	3	0	0	0	0	0	0	0	0	11796	0	0	0	0	0	0	0	0	0	0	0	0	0	0	0	0	0	0	0
0	0	1	0	0	0	0	0	0	0	0	23890	0	0	0	0	1	0	0	0	0	0	0	0	0	0	0	0	1	3	0
0	0	0	0	0	0	0	0	0	0	0	5840	0	0	0	0	0	0	0	0	0	0	0	0	0	0	0	0	0	0	0
0	0	0	0	0	0	0	0	0	0	0	3154	0	0	0	0	0	0	0	0	0	0	0	0	0	0	0	0	0	0	0
0	0	4	0	0	0	0	3	0	0	0	12509	0	0	0	0	0	0	0	0	0	0	0	0	0	0	1	6	0	0	0
0	0	2	0	0	0	0	0	0	0	0	28634	0	0	0	0	2	0	0	0	0	0	0	0	0	0	1	0	0	0	0
0	0	2	0	0	0	0	0	0	0	1	34599	0	0	0	0	0	0	0	0	0	0	0	0	1	0	1	4	0	0	0
0	0	0	0	0	0	0	2	0	0	0	6326	0	0	0	0	4	0	0	0	0	0	0	0	0	0	0	12	0	0	0
0	0	0	0	0	0	0	2	0	0	0	16527	0	0	0	0	0	0	0	0	0	0	0	0	0	0	0	3	1	0	0
0	0	0	0	0	0	0	0	0	0	0	17004	0	0	0	0	0	0	0	2	0	0	0	0	0	0	0	4	0	0	0
0	0	2	0	0	0	0	0	0	0	0	33976	0	0	0	0	0	10	0	0	0	0	0	0	0	0	5	0	0	0	0
0	0	0	0	0	0	0	0	0	0	0	4986	0	0	0	0	2	0	0	0	0	0	0	0	0	0	0	6	0	0	0
0	0	2	0	0	0	0	2	0	0	0	20611	1	0	0	0	7	0	2	0	0	0	0	2	0	1	0	2	2	1	0
0	0	0	0	0	0	0	0	0	0	0	15937	0	0	0	0	2	0	0	0	0	0	0	0	0	0	0	0	0	0	0
0	0	1	1	0	0	0	0	0	0	0	21134	2	0	0	0	0	0	0	0	0	0	0	0	0	0	0	2	2	0	0
0	0	1	0	0	0	0	2	0	0	0	28844	0	0	0	0	2	0	0	0	0	0	0	0	0	0	1	2	1	3	0
0	0	2	0	0	0	0	0	0	0	0	24009	2	0	0	0	0	0	0	0	0	0	0	0	0	0	0	0	0	1	0
0	0	1	0	0	0	0	0	0	0	0	18558	0	0	0	0	0	0	1	0	0	0	0	0	0	0	0	6	0	0	0
0	0	7	2	0	0	0	21	0	0	2	5384	1	0	0	0	96	0	0	0	1	1	0	0	0	3	3	20	169	1905	0
0	0	0	0	0	0	0	0	0	0	0	4582	0	0	0	0	0	0	0	0	0	0	0	0	0	0	0	0	0	0	0
0	0	0	0	0	0	0	0	0	0	0	20828	0	0	0	0	2	0	0	0	0	0	0	0	0	0	0	4	0	0	0
0	0	0	0	0	0	0	0	0	0	0	5705	0	0	0	0	0	0	0	0	0	0	0	0	0	0	0	2	0	0	0
0	0	0	0	0	0	0	0	0	1	0	21463	0	0	0	0	2	0	0	0	0	0	0	0	1	0	0	3	0	0	0
0	0	0	0	0	0	0	0	0	0	0	23784	0	0	0	0	2	0	0	0	0	0	0	0	0	0	0	0	0	0	0
0	0	0	0	0	0	0	0	0	0	0	15450	1	0	0	0	0	0	0	0	0	0	0	0	0	0	0	0	0	0	0
0	0	0	0	0	0	0	0	0	0	0	7586	0	0	0	0	0	0	0	0	0	0	0	0	0	0	0	0	0	0	0
0	0	0	0	0	0	0	0	0	0	0	16730	4	0	0	0	4	0	0	0	0	0	0	0	0	0	0	2	0	0	0
0	0	0	0	0	0	0	0	0	0	0	5727	0	0	0	0	0	0	0	0	0	0	0	0	0	0	0	0	0	0	0
0	0	1	0	0	0	0	0	0	0	0	22754	0	0	0	0	0	0	0	0	0	0	0	0	0	0	0	4	0	0	0
0	0	1	0	0	1	0	0	0	0	0	20119	0	0	0	0	1	0	0	0	0	0	0	0	0	0	1	0	0	0	0
0	0	0	0	0	0	0	0	0	0	1	22668	0	0	0	0	2	0	0	0	0	0	0	0	0	0	0	4	0	0	0
0	0	0	0	0	0	0	0	0	0	0	32042	0	0	0	0	2	0	0	0	0	0	0	0	0	0	1	0	1	0	0
0	0	1	0	0	0	0	0	0	0	0	18629	0	0	0	0	0	0	0	0	0	0	0	0	0	0	0	0	0	0	0
0	0	0	0	0	0	0	2	0	0	0	46271	0	0	0	0	1	0	0	0	0	0	0	0	0	1	1	0	3	2	0
0	0	0	0	0	0	0	0	0	0	0	3217	0	0	0	0	0	0	0	0	0	0	0	0	0	0	0	0	0	0	0
0	0	1	0	0	0	0	0	0	0	0	21261	0	0	0	0	2	0	0	0	0	0	0	0	0	0	0	5	0	0	0
0	0	0	0	0	0	0	0	0	0	0	33172	1	0	0	0	0	0	0	0	0	0	0	0	0	0	0	0	0	0	0
0	0	0	0	0	0	0	0	0	0	0	21106	1	0	0	0	2	0	0	0	0	0	0	0	0	0	0	3	0	0	0
0	0	1	0	0	0	0	0	0	0	0	27201	0	0	0	0	0	1	0	0	0	0	0	0	0	0	0	4	0	3	0
0	0	3	0	0	0	0	0	0	0	0	15229	0	0	0	0	0	0	0	0	0	0	0	0	0	0	2	8	1	4	0
0	0	0	0	0	0	0	0	0	0	0	19621	0	0	0	0	0	0	0	0	0	0	0	0	0	0	1	2	0	3	0
0	0	0	5	0	0	0	0	0	1	0	6759	0	0	32	0	0	0	0	0	1	0	0	0	0	0	0	0	1	1	0
0	0	3	0	0	0	0	1	0	0	1	7089	0	0	0	0	0	0	0	0	0	0	0	0	0	0	2	13	1	0	1
0	0	3	0	0	0	0	26	0	0	0	39179	0	0	0	0	127	0	1	0	0	0	0	0	0	2	3	90	1	17	1
0	0	9	0	0	1	0	12	0	2	0	13737	0	0	0	0	34	0	0	0	0	0	0	0	0	2	2	3	1	0	0
0	0	1	0	0	0	0	0	0	0	0	11182	0	0	0	0	1	0	0	0	0	0	0	0	0	0	2	2	1	50	0
0	0	1	0	0	0	1	0	0	0	1	13580	0	1	0	0	1	0	0	0	0	0	0	0	1	0	0	1	0	0	1
0	0	2	0	0	0	0	0	0	0	0	15762	0	1	0	0	0	0	0	0	0	0	0	0	0	0	1	0	0	0	0
0	0	1	0	0	0	0	2	0	0	0	17546	0	0	0	0	4	0	0	0	0	0	0	0	0	0	0	6	0	1	0
0	0	1	0	0	0	0	0	0	0	2	16789	1	1	0	0	0	2	0	0	0	0	0	0	0	0	1	5	0	0	1
0	0	2	0	0	0	0	1	0	0	0	14563	0	0	0	0	0	0	0	0	1	0	0	0	0	1	0	16	0	0	0
0	0	2	0	0	0	0	4	0	0	0	12939	0	0	0	0	4	0	0	0	0	0	0	0	0	0	0	1	1	0	0
0	0	1	0	0	0	1	0	0	0	1	21161	0	1	0	0	0	0	0	0	0	0	0	0	0	0	1	1	1	0	1
0	0	0	0	0	0	1	0	0	1	1	14306	0	1	0	0	0	0	0	2	0	0	0	0	0	0	1	2	0	0	1
0	0	1	0	0	0	0	2	0	1	0	15754	0	0	0	0	0	0	0	0	0	0	0	0	0	0	0	0	1	0	0
0	0	1	0	0	0	0	1	0	0	0	16036	0	0	0	0	4	0	0	0	0	0	0	0	0	0	0	0	0	0	0
0	0	2	0	0	0	0	2	0	0	0	25696	0	0	0	0	11	0	0	0	0	0	0	0	0	0	0	0	0	0	0
0	0	5	0	0	0	0	2	0	0	0	34088	0	0	0	0	2	0	0	0	0	0	0	0	0	0	2	2	0	0	0
0	0	2	1	0	0	0	0	0	0	0	22461	0	0	0	0	8	0	0	0	0	0	0	0	0	0	1	4	0	0	0
0	0	3	0	0	0	0	2	0	0	0	28866	0	0	2	0	0	0	0	0	0	0	0	0	0	0	1	2	8	3	0
0	0	2	0	0	0	0	0	0	0	0	22810	0	0	0	0	4	0	0	0	0	0	0	0	0	0	0	6	0	0	0
0	0	1	0	0	0	1	0	0	0	0	18277	0	1	0	0	0	0	0	0	0	0	0	0	0	0	1	23	0	0	1
0	0	1	0	0	0	0	2	0	0	0	9228	0	0	0	0	0	0	0	0	0	0	0	0	0	0	0	5	0	0	0
0	0	3	0	0	0	0	0	0	0	0	17672	0	0	0	0	2	0	0	0	0	0	0	0	0	0	0	0	0	0	0
0	0	0	0	0	0	0	1	0	0	0	18280	1	0	0	0	2	0	0	0	0	0	0	0	0	1	0	2	2	1	0
0	0	0	0	0	0	0	0	0	0	0	4792	0	0	0	0	0	0	0	0	0	0	0	0	0	0	0	0	0	0	0
0	0	0	0	0	0	0	0	0	0	0	4792	0	0	0	0	0	0	0	0	0	0	0	0	0	0	0	0	0	0	0
0	0	1	0	0	0	0	0	0	0	0	15007	0	0	0	0	0	0	0	0	0	0	0	0	0	0	0	1	1	0	0
0	0	0	0	0	0	0	0	0	0	0	4772	0	0	0	0	0	0	0	0	0	0	0	0	0	0	0	2	0	0	0
0	0	4	0	0	0	0	0	0	3	0	11994	0	0	0	0	4	0	0	0	0	0	0	0	0	0	0	0	1	0	0
0	0	2	0	0	0	0	0	0	0	0	15789	0	0	0	0	3	0	0	0	0	0	0	0	0	1	0	4	6	3	0
0	0	1	0	0	0	0	3	0	0	0	13591	0	0	0	0	0	0	0	0	0	0	0	0	0	1	0	5	5	2	0
0	0	3	9	0	152	1	0	0	0	1	27348	3161	0	0	0	4	0	0	0	0	0	0	0	0	0	3	4	1	0	0
0	0	1	0	0	0	0	0	0	0	0	17439	0	0	0	0	0	0	0	0	0	0	0	0	0	0	0	2	1	2	0
0	0	0	0	0	0	0	0	0	0	0	14332	0	0	0	0	0	0	0	0	0	0	0	0	0	0	0	6	0	0	0
0	0	1	0	0	0	0	0	0	0	0	19349	0	0	0	0	0	0	0	0	0	0	0	0	0	1	0	0	5	2	0
0	0	0	0	0	0	0	0	0	0	0	5547	0	0	0	0	0	0	0	0	0	0	0	0	0	0	0	0	0	0	0
0	0	0	0	0	0	0	0	0	0	0	17379	0	0	0	0	0	0	0	1	0	0	0	0	0	0	0	0	0	0	0
0	0	0	0	0	0	0	0	0	1	0	15794	0	0	0	0	2	0	0	0	0	0	0	0	0	0	0	0	2	1	0
0	0	0	2	0	12	0	0	0	0	0	7217	314	0	0	0	0	0	0	0	0	0	0	0	0	0	0	0	0	0	0
0	0	0	0	0	0	0	0	0	2	0	5149	0	0	0	0	0	0	0	0	0	0	0	0	0	0	0	2	0	0	0
0	0	1	0	0	0	0	4	0	0	0	14037	2	0	0	0	0	0	0	0	0	0	0	0	0	0	2	2	1	0	1
0	0	8	0	0	0	0	0	0	0	0	19761	0	0	0	0	2	4	0	1	0	0	0	0	0	0	0	0	0	0	0
0	0	0	0	0	0	0	0	0	0	0	15698	0	0	0	0	0	0	0	0	0	0	0	0	0	0	0	0	2	0	0
0	0	0	0	0	0	0	0	0	0	0	25549	1	0	0	0	0	0	0	0	0	0	0	0	0	0	0	0	0	0	0
0	0	0	0	0	0	0	2	0	0	0	11678	0	0	0	0	0	0	0	0	0	0	0	0	0	2	0	1	1	0	0
0	0	1	0	0	0	0	0	0	0	0	14710	0	0	0	0	0	0	0	0	0	0	0	0	0	0	0	2	5	7	0
0	0	0	0	0	0	0	2	0	0	0	22520	0	0	0	0	1	0	0	0	0	0	0	0	0	0	0	0	0	0	0
0	0	0	0	0	0	0	0	0	0	0	10061	0	0	0	0	0	0	0	0	0	0	0	0	0	0	0	4	0	0	0
0	0	0	0	0	0	0	0	0	0	0	18756	0	0	0	0	0	0	0	0	0	0	0	0	0	0	0	2	1	1	0
0	0	5	0	0	1	0	1	0	1	0	18464	0	0	1	0	0	0	0	0	0	0	0	0	0	0	3	0	0	0	0
0	0	2	0	0	0	0	0	0	0	1	21869	0	0	0	0	0	0	0	0	0	0	0	0	0	0	0	4	2	8	0
0	0	7	0	0	0	0	0	0	0	1	29121	1	0	0	0	0	0	0	0	0	0	0	0	0	0	7	0	1	0	0
0	0	0	0	0	0	0	0	0	0	0	13379	0	0	0	0	0	0	0	0	0	0	0	0	0	0	1	0	0	0	0
0	0	0	0	0	0	0	0	0	0	0	20803	0	0	0	0	0	0	0	0	0	0	0	0	0	0	0	2	0	0	0
0	0	1	0	0	0	0	0	0	0	0	22078	0	0	0	0	0	0	0	0	0	0	0	0	0	0	0	0	8	3	0
0	0	2	0	0	0	0	0	0	1	0	18329	1	0	0	0	0	0	0	0	0	0	0	0	0	0	0	0	1	0	0
0	0	0	0	0	0	0	0	0	0	0	25893	0	0	0	0	0	0	0	0	0	0	0	0	0	0	2	0	2	3	0
0	0	3	0	0	0	0	0	0	0	0	23829	0	0	0	0	0	0	0	0	0	0	0	0	0	0	3	2	1	0	0
0	0	0	0	0	0	0	0	0	0	0	18183	0	0	0	0	2	0	0	0	0	0	0	0	0	0	0	0	0	0	0
0	0	0	0	0	0	0	0	0	0	0	4522	0	0	0	0	0	0	0	0	0	0	0	0	0	0	0	4	0	0	0
0	0	0	0	0	0	0	0	0	0	0	19194	0	0	8	0	2	0	0	0	0	0	0	0	0	0	0	0	0	0	0
0	0	0	0	0	0	0	0	0	0	0	6909	0	0	0	0	0	0	0	0	0	0	0	0	0	0	0	2	0	0	0
0	0	0	0	0	0	0	2	0	0	0	16729	0	0	0	0	1	0	0	0	0	0	0	0	0	0	0	0	0	0	0
0	0	0	0	0	0	0	0	0	0	0	5575	0	0	2	0	0	1	0	0	0	0	0	0	0	0	0	3	0	0	0
0	0	9	0	0	0	0	49	0	1	2	18152	0	0	6	0	184	0	0	0	0	0	0	0	0	5	2	55	1	2	1
0	0	4	0	0	0	0	0	0	0	0	4719	0	0	0	0	0	0	0	1	0	0	0	0	0	0	3	1	1	1	0
0	0	0	0	0	0	0	0	0	0	0	22329	1	0	0	0	0	0	0	0	0	0	0	0	0	0	1	3	1	6	0
0	0	0	0	0	0	0	0	0	0	0	15584	0	0	0	0	4	0	0	0	0	0	0	0	0	0	2	0	0	0	0
0	0	1	0	0	0	0	2	0	0	0	10688	0	0	0	0	0	0	0	0	0	0	0	0	0	0	0	0	0	2	0
0	0	0	0	0	0	0	0	0	0	0	8539	0	0	0	0	0	0	0	0	0	0	0	0	0	0	0	0	0	1	0
0	0	1	0	0	0	0	0	0	0	0	4663	0	0	0	0	0	0	0	0	0	0	0	0	1	0	0	0	0	1	0
0	0	0	0	0	0	0	0	0	0	0	3996	0	0	0	0	0	0	0	0	0	0	0	0	0	0	0	0	0	7	0
0	0	1	0	0	0	0	0	0	0	0	13214	0	0	0	0	0	0	0	0	0	0	0	0	0	0	1	2	0	0	0
0	0	2	0	0	0	0	0	0	0	1	22912	0	1	0	0	1	0	0	0	0	0	0	0	0	0	2	4	0	0	0
0	0	1	0	0	0	0	0	0	0	2	7569	0	0	0	0	0	0	0	0	0	0	0	0	0	0	1	6	0	0	0
0	0	3	0	0	0	0	2	0	0	0	14504	0	1	0	0	0	0	0	0	0	0	0	0	0	0	1	4	0	0	1
0	0	0	0	0	0	0	0	0	0	0	13184	0	0	0	0	1	4	0	0	0	0	0	0	0	0	0	6	0	0	0
0	0	3	0	0	0	0	0	0	0	0	8059	0	0	0	0	0	0	0	0	0	0	0	0	0	0	0	4	1	0	0
14	0	2	0	0	0	0	2	0	0	0	11760	0	0	0	0	0	0	0	0	0	0	2	0	0	0	1	2	1	0	0
0	0	0	0	0	0	0	0	0	0	0	14249	1	0	0	0	0	0	0	0	0	0	0	0	0	0	0	12	0	0	0
0	0	0	0	0	0	1	0	0	0	0	12468	0	1	0	0	0	0	2	0	0	0	0	0	0	1	2	0	1	1	1
0	0	3	0	0	0	0	0	0	0	0	9390	1	0	0	0	0	0	0	0	0	0	0	0	0	0	1	1	1	1	0
0	0	2	0	0	0	0	0	0	0	0	7825	0	0	0	0	0	0	0	0	0	0	0	0	0	1	1	5	2	3	0
0	0	5	0	0	0	0	6	0	0	0	4760	0	0	0	0	6	0	0	0	0	1	0	0	0	0	1	20	2	61	0
0	0	2	0	0	0	0	0	0	1	0	9416	0	0	0	0	0	3	0	0	0	0	0	0	0	1	0	2	2	0	0
0	0	0	0	0	0	0	3	0	0	0	14889	0	0	0	0	0	0	0	0	0	0	0	0	0	0	0	2	0	0	0
8	0	1	0	0	0	1	3	0	0	0	7458	0	1	0	0	0	0	0	0	0	0	3	0	0	0	0	2	1	0	1
0	0	0	0	0	0	0	0	0	0	0	10317	2	0	0	0	0	0	0	0	0	0	0	0	0	0	0	2	0	0	0
0	0	0	0	0	0	0	0	0	0	0	6796	0	0	0	0	0	0	0	0	0	0	0	0	0	0	0	1	0	0	0
0	0	0	0	0	0	0	0	0	0	0	7207	0	0	0	0	2	0	0	0	0	0	0	0	0	0	0	0	0	0	0
0	0	1	0	0	0	0	0	0	0	0	4933	0	0	0	0	0	0	0	0	0	0	0	0	0	0	0	0	0	0	0
0	0	6	0	0	0	0	0	0	0	1	5263	0	1	0	0	2	0	0	0	0	0	0	2	0	0	1	20	1	3	0
0	0	0	0	0	0	0	0	0	0	0	5381	1	0	0	0	0	0	0	0	0	0	0	0	0	0	0	2	0	0	0
0	0	4	0	0	0	0	0	0	1	0	6032	0	0	0	0	0	0	0	0	0	0	1	0	0	0	2	2	0	1	0
0	0	2	0	0	0	0	1	0	0	0	6389	0	0	1	0	4	0	0	0	0	0	0	0	0	1	3	4	1	8	0
0	0	3	0	0	0	0	9	0	0	0	8610	1	0	0	0	24	0	0	0	0	0	0	0	0	2	0	0	6	5	0
0	0	2	0	0	0	0	0	0	0	0	10440	0	0	0	0	0	0	0	0	0	0	0	0	0	0	2	0	0	0	0
0	0	0	0	0	0	0	0	0	0	0	8071	0	0	2	0	4	0	0	0	0	0	0	0	0	0	0	0	0	0	0
0	0	2	0	0	0	0	2	0	0	0	9313	2	0	2	0	0	0	0	0	0	0	0	0	0	0	0	3	0	0	0
0	0	1	0	0	0	0	0	0	0	0	13617	1	0	1	0	1	1	0	0	0	0	0	0	0	0	0	0	0	0	0
0	0	2	0	0	0	0	1	0	0	0	11330	0	0	0	0	2	0	0	0	0	0	0	0	0	0	0	3	0	0	0
0	0	3	0	0	0	0	4	0	0	0	5089	0	0	0	0	4	0	0	0	0	0	0	1	0	0	0	0	3	1	0
0	0	1	0	0	0	0	0	0	0	0	17230	0	0	0	0	0	2	0	0	0	0	0	0	0	0	0	0	1	1	0
0	0	3	0	0	0	0	0	0	0	1	11837	0	0	0	0	0	0	0	0	0	0	0	0	0	0	2	0	2	0	1
0	0	0	0	0	0	0	0	0	0	0	22839	0	0	0	0	6	0	0	0	0	0	0	0	0	0	0	0	2	2	0
0	0	0	0	0	0	0	0	0	0	0	13979	0	0	0	0	0	1	0	0	0	0	0	0	0	0	0	0	3	0	0
0	0	0	0	0	0	0	0	0	0	0	17200	0	0	0	0	0	0	0	0	0	0	0	0	0	0	0	0	5	4	0
0	0	1	0	0	0	0	0	0	0	0	12717	0	0	0	0	8	0	0	0	0	0	0	0	0	0	0	0	0	0	0
0	0	0	0	0	0	0	0	0	0	0	6874	0	0	0	0	0	1	0	0	0	0	0	0	0	0	0	2	0	0	0
0	0	0	0	0	0	0	0	0	0	0	11913	0	0	0	0	0	0	0	0	0	0	0	0	0	0	0	1	0	0	0
0	2	0	0	0	0	0	0	0	0	0	15164	0	0	0	0	0	0	0	0	0	0	0	0	0	0	0	0	0	0	0
0	0	0	0	0	0	0	0	0	0	0	10274	0	0	0	0	0	0	0	0	0	0	0	0	0	0	0	0	0	0	0
0	0	2	0	0	0	0	0	0	0	0	8091	0	0	1	0	0	0	0	0	0	0	0	0	0	0	0	0	0	0	0
1	0	7	0	0	1	1	0	0	25	4	9212	0	1	19	0	4	9	0	0	5	0	0	0	0	0	2	1	1	1	3
0	0	1	0	0	0	0	0	0	0	0	10288	0	0	0	0	0	0	0	0	0	0	0	0	0	1	0	0	1	0	0
0	0	3	0	0	0	0	0	0	0	2	9521	0	0	0	0	0	0	0	0	0	0	0	0	0	0	1	9	3	0	0
0	0	1	0	0	0	0	2	0	0	0	11691	0	0	0	0	0	0	0	0	0	0	0	0	0	0	0	0	2	0	0
0	0	0	0	0	0	0	2	0	0	0	6497	0	0	0	0	0	0	0	0	0	0	0	0	0	0	0	2	0	0	0
0	0	0	0	0	0	0	0	0	0	0	10504	0	0	0	0	1	0	0	0	0	0	0	0	0	0	0	3	0	0	0
0	0	3	0	0	0	0	0	0	0	0	12216	0	0	0	0	2	0	0	0	0	0	0	0	0	0	0	0	1	0	0
0	0	4	0	0	0	0	0	0	0	1	13736	0	0	0	0	0	0	0	0	0	0	0	0	0	0	3	0	0	1	0
0	0	0	0	0	0	0	0	0	0	0	11687	0	0	0	0	0	0	0	0	0	0	0	0	0	0	1	6	1	1	0
0	0	1	0	0	0	0	2	0	0	0	11919	0	0	0	0	0	0	0	0	0	0	0	0	0	1	0	2	4	0	0
0	0	6	0	0	0	0	0	0	0	1	13964	0	0	0	0	0	0	0	0	0	0	0	0	0	0	1	0	2	2	0
0	0	2	0	0	0	0	0	0	0	0	9472	0	0	0	0	0	0	0	0	0	0	0	0	0	0	0	0	1	4	0
0	0	0	0	0	0	0	0	0	0	0	15038	0	0	0	0	0	2	0	0	0	0	0	0	0	0	0	0	1	2	0
0	0	1	0	0	0	0	0	0	0	0	10207	0	0	0	0	0	0	0	0	0	0	0	0	0	1	6	0	14	7	0
0	0	0	0	0	0	0	0	0	0	0	11462	0	0	0	0	0	0	0	0	0	0	0	0	0	0	1	0	3	4	0
0	0	6	0	0	0	0	0	0	0	0	14303	0	0	0	0	0	0	0	0	0	0	0	0	1	0	3	0	1	1	0
0	0	1	0	0	0	0	0	0	0	0	11742	0	0	0	0	0	0	0	0	0	0	0	0	0	0	0	0	0	0	0
0	0	1	0	0	0	0	0	0	0	0	12519	0	0	0	0	0	0	0	0	0	0	0	0	0	1	0	4	2	1	0
0	0	0	0	0	0	0	2	0	0	0	13109	0	0	0	0	0	0	0	0	0	0	0	0	0	0	0	0	0	0	0
0	0	0	0	0	0	0	0	0	0	0	17622	0	0	0	0	0	0	0	0	0	0	0	0	0	0	1	0	3	1	0
0	0	2	0	0	0	0	0	0	0	0	17510	0	0	0	0	0	0	1	0	0	0	0	0	0	0	0	1	0	0	0
0	0	0	0	0	0	0	0	0	0	0	13742	0	0	0	0	0	0	0	0	0	0	0	0	0	0	0	0	0	0	0
0	0	3	0	0	0	0	0	0	0	0	15608	0	0	0	0	0	0	0	0	0	0	0	0	0	0	3	0	7	3	0
0	0	1	0	0	0	0	0	0	0	0	11178	1	0	0	0	0	0	0	0	0	0	0	0	0	0	0	0	2	3	0
0	0	0	0	0	0	0	0	0	0	0	9103	0	0	0	0	2	0	0	0	0	0	0	0	0	0	0	0	0	0	0
0	0	0	0	0	0	0	0	0	0	0	3751	0	0	0	0	0	0	0	0	0	0	0	1	0	0	0	2	1	0	0
0	0	0	0	0	0	0	0	0	0	0	7886	0	0	0	0	0	0	0	0	0	0	0	0	0	0	0	0	1	1	0
0	0	2	0	0	0	0	0	0	0	0	14286	0	0	0	0	0	0	0	0	0	0	0	0	0	0	0	2	1	1	0
0	0	0	0	0	0	0	0	0	0	1	9747	0	0	16	0	2	0	0	0	2	0	0	1	0	0	0	6	0	0	0
0	0	1	0	0	0	0	0	0	0	0	7077	1	0	0	0	0	0	0	0	0	0	0	0	0	0	0	0	0	0	0
0	0	1	0	6	0	0	0	0	0	0	7495	0	0	0	0	0	0	0	0	0	0	0	0	0	0	0	55	0	10	0
0	0	1	0	0	0	0	0	0	0	0	8322	1	0	0	0	0	0	0	0	0	0	0	0	0	0	1	0	0	2	0
0	0	0	0	0	0	0	0	0	0	0	7108	0	0	0	0	0	0	0	0	0	0	0	0	0	0	1	1	0	4	0
0	0	1	0	0	0	0	0	0	0	0	3869	0	0	0	0	0	2	0	0	0	0	0	2	1	0	0	0	0	1	0
0	0	1	0	0	0	0	0	0	0	0	9692	0	0	0	0	0	0	0	0	0	0	0	0	0	0	0	0	0	3	0
0	0	4	0	0	0	0	0	0	0	0	10662	0	0	0	0	7	0	0	0	0	0	0	0	0	0	0	6	3	2	0
0	0	0	0	0	0	0	0	0	0	0	13785	0	0	2	0	0	0	0	0	0	0	0	0	0	0	0	4	1	1	0
0	0	0	0	0	0	0	0	0	0	0	8671	0	0	0	0	0	1	0	0	0	0	0	1	0	0	0	0	1	1	0
0	0	0	0	0	0	0	0	0	0	0	14561	0	0	0	0	0	0	0	0	0	0	0	0	0	0	1	0	2	4	0
0	0	0	0	0	0	0	0	0	0	0	2877	0	0	0	0	0	0	0	0	0	0	0	0	0	0	0	9	0	0	0
0	0	0	0	0	0	1	0	0	0	1	10844	0	2	0	0	0	0	0	0	0	0	0	0	0	0	1	6	2	3	1
0	0	0	0	0	0	0	0	0	0	0	6135	0	0	0	0	0	0	0	0	0	0	0	0	0	0	0	2	0	0	0
0	0	0	0	0	0	0	0	0	0	0	7432	0	0	0	0	0	0	0	0	0	0	0	0	0	0	0	6	0	0	0
0	0	0	0	0	0	0	0	0	0	0	10438	0	0	0	0	0	0	0	0	0	0	0	0	0	0	0	2	1	0	0
0	0	1	0	0	0	0	0	0	0	0	19477	2	0	0	0	0	0	0	0	0	0	0	0	0	0	0	1	0	0	0
0	0	3	0	0	0	1	2	0	2	1	13270	1	1	0	0	0	0	0	0	0	0	0	0	0	0	2	32	1	1	1
0	0	2	0	0	0	0	0	0	0	0	10364	0	0	0	0	0	0	0	0	0	0	0	0	1	0	3	0	1	0	0
0	0	1	0	0	0	0	0	0	1	0	5274	0	0	0	0	0	0	0	0	0	0	0	0	0	0	0	0	1	8	0
0	0	0	0	0	0	0	0	0	0	0	5348	0	0	0	0	0	0	0	0	0	0	0	0	0	0	0	0	0	4	0
0	0	0	0	0	0	0	0	0	0	0	5810	1	0	0	0	0	0	0	0	0	0	0	0	0	0	0	6	0	4	0
0	0	0	0	0	0	0	2	0	0	0	11770	0	0	0	0	2	0	0	0	0	0	0	0	0	0	0	2	1	0	0
0	0	0	0	0	0	1	0	0	0	0	14562	0	1	0	0	0	0	0	0	0	0	0	0	0	0	1	4	1	0	1
0	0	2	0	0	0	0	0	1	0	0	16317	0	1	0	0	1	0	0	0	0	0	0	0	0	0	1	17	1	0	1
0	0	1	0	0	0	0	2	0	0	1	12722	1	0	0	0	0	0	0	0	0	0	0	0	0	0	1	5	1	0	0
0	0	1	0	0	0	0	0	0	0	0	20923	0	0	0	0	4	0	0	0	0	0	0	0	0	0	0	0	0	0	0
0	0	2	0	0	0	0	0	0	0	0	4918	0	1	0	0	0	0	0	0	0	0	0	0	0	0	0	6	0	15	0
0	0	1	0	0	0	0	0	0	0	0	13219	0	0	0	0	1	0	0	0	0	0	0	0	0	0	0	9	0	0	0
0	0	2	0	2	0	1	0	0	0	2	18320	0	1	0	0	0	0	0	2	0	0	0	0	0	0	1	11	0	0	1
0	0	2	0	0	0	0	4	0	0	0	1971	0	0	0	0	0	0	0	0	0	0	0	0	0	0	0	12	0	11	0
0	0	1	0	0	0	1	0	0	0	1	19016	0	1	0	0	0	0	0	0	0	0	0	0	0	0	2	0	3	1	1
0	0	0	0	0	0	0	0	0	0	1	10896	0	1	0	0	0	1	0	0	0	0	0	0	0	0	0	0	1	1	1
0	0	1	0	0	0	1	0	0	0	0	7855	0	0	0	0	0	0	0	0	0	0	0	0	0	0	0	0	0	0	0
0	1	1	0	0	0	0	0	0	0	1	8833	0	0	0	0	0	0	0	0	0	0	0	0	0	0	0	0	3	1	0
0	0	0	0	0	0	0	0	0	0	0	16716	0	0	0	0	0	0	0	0	0	0	0	0	0	0	0	0	1	2	0
0	0	2	0	0	0	1	0	0	0	2	8944	1	1	0	0	0	0	0	0	0	0	0	0	0	0	2	0	0	0	1
0	0	4	0	0	0	0	0	0	1	0	18283	0	0	0	0	0	0	0	0	0	0	0	0	0	0	2	0	3	1	0
0	0	4	2	4	0	1	0	0	2	0	10568	1	2	4	0	2	0	0	0	0	0	0	0	0	1	3	35	3	2	1
0	0	0	0	0	0	0	0	0	0	1	15348	0	0	0	0	5	0	0	0	0	0	0	0	0	0	0	0	1	1	0
0	0	0	0	0	0	0	3	0	0	0	17617	0	0	0	0	9	0	0	0	0	0	0	0	0	1	0	0	6	0	0
0	0	0	0	0	0	0	0	0	0	0	10792	0	0	0	0	0	0	0	0	0	0	0	0	0	1	0	4	0	0	0
0	0	0	0	0	0	0	0	0	0	0	9422	0	0	0	0	0	0	0	0	0	0	0	0	0	0	0	2	0	0	0
0	0	1	0	0	0	0	3	0	0	0	13229	0	0	0	0	0	8	0	0	0	0	0	0	0	0	0	2	1	0	0
0	0	2	0	0	0	1	0	0	0	0	11104	0	1	0	0	0	0	0	0	0	0	1	0	0	0	1	2	1	1	2
0	0	0	0	0	0	0	0	0	0	0	13273	0	0	0	0	8	0	0	0	0	0	0	0	0	0	0	2	0	0	0
0	0	0	0	0	0	0	0	0	0	0	3959	0	0	0	0	0	0	0	0	0	0	0	0	0	0	0	2	0	0	0
0	0	5	1	0	0	0	0	0	0	0	7567	2	0	0	0	11	0	0	0	0	0	0	0	0	0	1	0	0	0	0
0	0	1	0	0	0	0	0	0	0	0	9030	1	0	0	0	0	0	0	0	0	0	0	0	0	0	0	3	0	3	0
0	0	3	0	0	0	0	0	0	0	1	10491	0	0	0	0	2	0	0	0	0	0	0	0	0	0	1	6	1	0	0
0	0	1	0	0	0	0	0	0	0	0	14814	0	0	0	0	0	0	0	0	0	0	0	0	0	0	1	2	1	0	0
0	0	0	0	0	0	0	0	0	0	0	15493	0	0	0	0	0	0	0	0	0	0	0	0	0	0	0	0	0	2	0
0	0	2	0	0	0	0	0	0	0	0	16239	0	0	0	0	0	0	0	0	0	0	0	0	0	0	0	0	2	1	0
0	0	2	0	0	0	0	0	0	0	0	11700	1	1	0	0	0	0	0	0	0	0	0	0	0	0	0	0	1	0	0
0	0	2	7	2	152	1	2	1	0	0	14710	3341	0	0	0	2	0	0	0	0	0	0	0	0	0	0	6	1	1	0
0	0	0	0	0	0	0	0	0	0	0	11641	5	0	0	0	2	0	0	0	0	0	0	0	0	0	0	4	2	0	0
0	0	0	0	0	0	0	0	0	0	0	13189	0	0	0	0	0	0	0	0	0	0	0	0	0	0	0	2	0	0	0
0	0	4	0	0	0	0	0	0	0	0	10417	0	0	0	0	12	0	0	0	0	0	0	0	0	0	0	4	4	3	0
0	0	2	0	0	0	0	0	0	0	0	9261	0	0	0	0	0	0	0	0	0	0	0	0	0	0	1	0	0	1	0
0	0	0	0	0	0	0	0	0	0	0	11844	2	0	0	0	0	0	0	0	0	0	0	0	0	0	0	0	0	0	0
0	0	0	0	0	0	0	0	0	0	0	8215	0	0	0	0	0	0	0	0	0	0	0	0	0	0	0	2	0	0	0
0	0	0	0	0	0	0	0	0	0	0	13742	1	0	0	0	0	0	0	0	0	0	0	0	0	0	0	2	1	15	0
0	0	3	0	0	0	0	0	0	1	0	10701	2	1	0	0	0	0	0	0	0	0	0	0	0	0	0	9	0	0	0
0	0	0	0	0	0	0	0	0	0	0	9134	0	0	0	0	2	0	0	0	0	0	0	0	0	0	0	0	0	0	0
0	0	6	0	0	0	0	0	0	0	0	22502	0	0	0	0	2	1	0	0	0	0	0	0	0	0	2	0	2	2	0
0	0	0	0	0	0	0	0	0	0	0	6146	0	0	0	0	0	0	0	0	0	0	0	0	0	0	0	0	1	1	0
0	0	1	0	0	0	0	0	0	0	0	18545	1	0	0	0	0	0	0	0	0	0	0	0	0	0	0	0	1	1	0
0	0	3	0	0	0	0	0	0	0	0	10125	0	0	0	0	0	0	0	0	0	0	0	0	0	0	2	0	2	0	0
0	0	2	0	0	0	0	0	0	0	0	11695	0	0	0	0	2	0	0	0	1	0	0	0	0	0	0	2	1	0	0
0	0	1	0	0	0	0	0	0	0	0	11031	1	0	0	0	0	0	0	0	0	0	0	0	0	0	0	1	0	0	0
0	0	1	0	0	0	0	0	0	0	0	12166	0	0	0	0	1	0	0	0	0	0	0	0	0	0	0	0	1	0	0
0	0	1	0	0	0	0	0	0	0	0	9947	2	0	0	0	0	9	0	0	0	0	0	0	0	0	1	1	0	0	0
0	0	2	0	0	0	0	0	0	0	0	8758	0	0	0	0	0	0	0	0	0	0	0	0	0	0	0	4	2	4	0
0	0	2	0	0	0	0	0	0	0	0	9133	0	0	0	0	0	0	0	0	0	0	0	0	0	0	1	0	0	2	0
0	14	0	0	0	0	0	4	0	3	0	6426	0	0	0	0	0	0	0	0	0	0	0	0	0	0	0	0	0	0	0
0	0	3	0	0	0	0	0	0	0	0	13814	0	0	0	0	0	0	0	0	0	0	0	0	0	0	1	4	0	1	0
0	0	11	0	0	0	0	0	0	0	0	17969	1	0	1	0	0	0	0	0	0	0	0	0	0	0	3	2	0	1	0
0	0	2	0	0	0	0	0	0	0	0	13948	1	0	0	0	0	7	0	0	0	0	0	0	0	0	1	8	5	3	0
0	0	1	0	0	0	0	0	0	0	1	11619	0	0	0	0	0	0	0	0	0	0	0	0	0	0	1	13	0	1	0
0	0	18	0	0	1	0	0	0	1	1	18443	0	0	0	0	0	0	0	0	0	0	0	0	0	0	5	0	2	0	0
0	0	1	0	0	0	0	0	0	0	1	15548	1	0	0	0	0	0	0	0	0	0	0	0	0	0	0	1	4	2	0
0	0	2	0	0	0	0	0	0	0	0	19515	0	0	1	0	0	0	0	0	0	0	0	0	0	1	0	0	5	3	0
0	0	4	0	0	0	0	2	0	0	0	15544	0	0	0	0	0	0	0	0	0	0	0	0	0	0	2	0	3	1	0
0	0	0	0	0	0	0	0	0	0	0	10778	0	0	0	0	0	0	0	0	0	0	0	0	0	0	0	0	3	2	0
0	0	0	0	0	0	0	0	0	0	0	5781	1	0	0	0	0	0	0	0	0	0	0	0	0	0	0	0	0	0	0
0	0	1	0	0	0	0	0	0	0	0	12591	0	0	0	0	0	0	0	0	0	0	0	0	0	0	0	0	0	0	0
0	0	0	0	0	0	0	0	0	0	0	6204	0	0	0	0	0	0	0	0	1	0	0	0	0	0	0	0	0	0	0
0	0	0	0	0	0	0	0	0	0	0	12679	0	0	0	0	0	0	0	0	0	0	0	0	0	0	2	6	2	2	0
0	0	0	0	0	0	0	0	0	0	0	11133	0	0	0	0	0	0	0	0	0	0	0	0	0	0	0	0	3	0	0
0	0	0	0	0	0	0	0	0	0	0	5621	0	0	0	0	0	0	0	0	0	0	0	0	0	0	0	0	0	0	0
0	0	0	0	0	0	0	0	0	0	0	8907	0	0	0	0	0	0	0	0	0	0	0	0	0	0	1	7	3	2	0
0	0	1	0	0	0	0	0	0	0	0	13354	0	0	0	0	0	0	0	0	0	0	0	0	0	0	0	6	1	4	0
0	0	0	0	0	0	0	0	0	14	0	16926	0	0	0	0	0	4	2	0	0	0	0	0	0	0	0	0	0	0	0
0	0	1	0	0	0	0	2	0	0	0	13732	0	0	0	0	0	0	0	0	0	0	0	0	0	0	0	2	0	0	0
0	0	0	0	0	0	0	0	0	0	0	12638	1	0	42	0	0	0	0	0	1	0	0	0	0	0	0	0	0	0	0
0	0	0	0	0	0	0	0	0	0	0	7923	0	0	3	0	0	0	0	0	0	0	0	0	0	0	0	0	0	0	0
0	0	0	0	0	0	0	0	0	0	0	17428	0	0	22	0	0	0	0	0	2	0	0	0	0	0	1	2	0	0	0
0	0	0	0	0	0	0	0	0	0	0	11309	0	0	0	0	0	0	0	0	0	0	0	0	0	0	0	1	0	0	0
0	0	5	0	0	0	0	0	0	0	1	12734	0	0	0	0	0	0	0	0	0	0	0	0	0	0	2	1	0	2	1
0	0	1	0	0	0	0	0	0	1	0	10056	2	0	0	0	0	0	0	0	0	0	0	0	0	0	0	0	1	0	0
0	0	5	0	0	0	0	5	0	0	0	14227	0	0	0	0	64	0	0	0	0	0	1	4	0	1	0	7	7	2	0
0	0	5	0	0	0	0	47	0	0	0	20689	0	1	0	0	102	4	0	0	0	0	1	0	1	2	2	38	2	5	0
0	0	7	0	2	1	0	17	0	0	1	12491	0	0	0	0	120	0	0	0	0	0	0	0	0	2	2	16	2	1	0
0	0	1	0	0	0	0	0	0	0	0	11205	0	0	0	0	0	0	0	0	0	0	0	0	0	0	0	0	0	1	0
0	0	1	0	0	0	0	0	0	1	0	10888	0	0	0	0	0	0	0	0	0	0	0	0	0	0	0	0	0	6	0
0	0	4	0	0	0	0	0	0	0	0	9630	0	0	1	0	0	0	0	0	0	0	0	0	0	0	0	2	0	3	0
0	0	4	0	0	0	0	10	0	0	0	10371	0	0	0	0	43	5	0	0	0	0	0	0	0	0	1	26	1	2	0
0	0	1	0	0	0	0	2	0	0	0	2244	0	0	0	0	2	0	0	0	0	0	0	0	0	0	1	0	1	11	0
0	0	1	0	0	0	0	0	0	0	0	16025	0	0	0	0	0	0	0	0	0	1	0	0	0	0	0	12	0	0	0
0	0	1	0	0	0	0	0	0	0	0	9114	0	0	0	0	0	0	0	0	0	0	0	0	0	0	2	0	0	0	0
0	0	1	0	0	0	0	17	0	0	1	4325	0	2	0	0	64	0	1	2	0	0	0	4	0	1	1	19	6	3	0
0	0	0	0	0	0	0	0	0	2	0	26196	1	0	0	0	0	0	0	0	0	0	0	0	0	0	0	2	1	2	0
0	0	0	0	6	0	0	0	0	0	0	4239	2	0	0	0	0	0	0	0	0	0	0	0	0	0	1	22	0	1	0
0	0	0	0	0	0	0	0	0	0	0	16288	0	0	0	0	0	0	0	0	0	0	0	0	0	0	0	0	0	0	0
0	0	0	0	0	0	0	0	0	3	0	13744	1	0	0	0	0	0	0	2	0	0	0	0	0	0	0	5	0	0	0
0	0	1	0	0	0	0	2	0	0	0	3916	0	0	0	0	2	0	0	2	0	0	0	0	0	0	0	2	0	1	0
0	0	2	0	0	0	0	2	0	0	0	7774	0	0	0	0	0	0	0	0	0	0	0	0	0	0	0	4	1	0	0
0	0	0	0	0	0	0	0	0	0	0	8614	0	0	0	0	0	0	0	0	0	0	0	0	0	0	0	3	0	2	0
0	0	1	0	0	0	0	0	0	0	0	21767	0	1	0	0	0	4	0	2	0	0	0	0	0	0	1	4	0	0	0
0	0	2	0	0	0	1	0	0	0	1	15939	1	1	0	0	0	0	0	0	0	0	0	0	0	0	1	2	1	1	2
0	0	0	0	0	0	0	0	0	0	1	6080	0	0	0	0	0	0	0	0	0	0	0	0	0	0	1	8	1	0	0
0	0	5	0	0	0	1	0	0	0	0	17764	1	1	0	0	0	0	0	1	0	0	1	0	0	0	2	0	1	1	0
0	0	5	0	0	0	1	2	0	0	1	13902	0	0	0	0	0	0	0	0	0	0	0	0	1	1	2	0	24	3	0
0	0	0	0	0	0	0	0	0	0	0	15288	1	1	0	0	0	0	0	2	0	0	0	0	0	0	1	11	0	0	0
0	0	2	0	0	0	0	0	0	0	0	19443	0	0	0	0	2	0	0	0	0	0	0	0	0	0	0	2	1	1	0
0	0	0	0	0	0	0	0	0	0	0	19481	1	0	0	0	0	0	0	0	0	0	0	0	0	0	0	0	0	0	0
0	0	2	0	0	0	0	0	0	0	0	20339	0	1	0	0	0	0	0	0	0	0	0	0	0	0	0	4	1	0	0
0	0	2	0	0	0	0	2	0	0	0	14376	0	0	0	0	2	0	0	0	0	0	0	0	0	0	1	11	1	2	0
0	0	3	0	0	0	0	0	0	0	0	18863	0	0	0	0	0	0	0	0	0	0	0	0	0	0	0	0	1	2	1
0	0	0	0	0	0	0	0	0	0	0	17767	0	0	0	0	1	0	0	0	0	0	0	0	0	0	0	0	0	0	0
0	0	2	0	0	2	1	0	0	1	0	9804	0	0	0	0	0	1	0	0	0	0	0	0	1	0	1	3	0	2	0
0	0	0	0	0	0	0	0	0	0	0	15839	0	0	0	0	0	0	0	0	0	0	0	0	0	0	0	2	0	0	0
0	0	0	0	0	0	0	0	0	0	0	3548	0	0	0	0	4	0	0	0	0	0	0	0	0	0	0	2	0	0	0
0	0	0	0	0	0	0	0	0	0	0	23512	0	0	1	0	0	0	0	0	0	0	0	0	0	0	0	0	1	0	0
0	0	1	0	0	1	0	0	0	0	0	18753	1	0	0	0	13	0	0	0	0	0	0	0	0	0	0	4	0	0	0
0	0	1	0	0	0	0	2	0	0	0	28059	0	0	0	0	0	0	0	0	0	0	0	0	0	2	2	1	3	0	0
0	0	5	0	0	0	0	6	0	0	0	4782	1	0	0	0	21	0	0	0	0	0	0	0	0	0	2	9	0	0	0
0	0	2	0	0	0	0	0	0	0	0	18686	0	0	0	0	0	0	0	0	0	0	0	0	0	0	1	6	0	0	1
0	0	1	0	0	0	0	0	0	0	0	10910	0	1	0	0	0	0	0	0	0	0	2	0	0	0	2	5	1	0	1
0	0	1	0	0	0	0	0	0	0	0	22307	0	0	0	0	0	0	0	0	0	0	0	0	0	0	1	0	0	0	0
0	0	1	0	0	0	0	2	0	0	0	11719	0	0	0	0	0	0	0	0	0	0	0	0	0	0	1	0	0	0	0
0	0	0	0	0	0	0	2	0	0	0	5652	1	0	0	0	0	0	0	0	0	0	0	0	0	0	0	0	0	0	0
0	0	3	0	0	0	0	2	0	0	0	13973	0	0	0	0	0	0	0	0	0	0	0	0	0	0	1	4	0	6	0
0	0	0	0	0	0	0	0	0	0	0	4592	2	0	0	0	1	0	0	0	0	0	0	0	0	0	0	0	0	0	0
0	0	0	0	0	0	0	0	0	0	0	4895	0	0	0	0	0	0	0	0	0	0	0	0	0	0	0	0	0	0	0
0	0	0	0	0	0	0	0	0	0	0	17114	0	0	0	0	0	0	0	0	0	0	0	0	0	0	0	3	0	0	0
1	0	0	705	0	38	1	1	0	0	0	14516	836	0	0	0	0	0	0	0	0	0	0	0	0	0	1	0	0	0	0
0	0	0	0	0	0	0	0	0	0	0	14492	0	0	0	0	0	3	0	0	0	0	0	0	1	0	0	2	0	1	0
0	0	1	0	0	0	0	0	0	0	0	17188	1	0	0	0	4	0	0	0	0	0	0	0	0	0	1	0	0	0	0
0	0	0	0	0	0	0	0	0	0	0	11426	0	0	0	0	0	0	0	0	0	0	0	0	0	0	0	1	1	0	0
0	0	2	0	0	0	0	2	0	0	0	15185	0	0	0	0	2	0	0	0	0	0	0	0	0	0	0	9	0	0	0
0	0	0	0	0	0	0	0	0	0	0	14423	0	0	0	0	7	0	0	0	0	0	0	0	0	1	1	2	8	2	0
0	0	2	0	0	0	0	0	0	0	1	14354	0	0	0	0	0	0	0	0	0	0	0	0	0	0	0	0	1	0	0
0	0	0	0	0	0	0	0	0	0	0	6130	0	0	0	0	0	0	0	0	0	0	0	0	0	0	0	0	0	0	0
0	0	2	0	0	0	0	0	0	0	0	12341	1	0	0	0	0	0	0	0	0	0	0	0	0	0	2	2	0	1	0
0	0	0	0	0	0	0	0	0	0	0	6818	0	0	0	0	0	0	0	0	0	0	0	0	0	0	0	0	0	0	0
0	0	1	0	0	0	0	0	0	0	0	19643	0	0	0	0	0	0	0	0	0	0	0	0	0	0	0	2	1	0	0
0	0	0	0	0	0	0	0	0	0	0	18848	1	0	0	0	0	0	0	0	0	0	0	0	0	0	0	0	1	0	1
0	0	2	0	0	0	0	0	0	0	0	17439	0	0	0	0	0	0	0	0	0	0	0	0	0	0	0	0	1	0	0
0	0	1	0	0	0	0	0	0	0	0	7541	0	0	0	0	0	0	0	0	0	0	0	0	0	0	1	3	1	2	0
0	0	0	0	0	0	0	0	0	0	0	5955	0	0	0	0	2	0	0	0	0	0	0	0	0	0	0	0	0	0	0
0	0	0	0	0	0	0	0	0	0	0	6299	0	0	0	0	0	0	0	0	0	0	0	0	0	0	0	0	0	0	0
0	0	1	0	0	0	0	0	0	0	0	15612	1	0	0	0	0	0	0	0	0	0	0	1	0	0	0	4	0	0	0
0	0	0	0	0	0	0	2	0	0	0	16560	0	0	0	0	2	4	0	0	0	0	0	0	0	0	0	0	2	2	0
0	0	0	0	0	0	0	0	0	0	0	13834	0	0	0	0	4	5	0	0	0	0	0	0	0	0	0	2	0	0	0
0	0	0	0	0	0	0	0	0	0	0	11357	0	0	0	0	0	0	0	0	0	0	0	0	1	0	0	0	0	0	0
0	0	0	0	0	0	0	0	0	0	0	6117	0	0	0	0	2	0	0	0	0	0	0	0	0	0	0	2	0	0	0
0	0	0	0	0	0	0	0	0	0	0	6141	0	0	0	0	0	0	0	0	0	0	0	0	0	0	0	0	0	0	0
0	0	2	0	0	0	0	0	0	0	0	14846	0	0	0	0	0	0	0	0	0	0	0	0	0	0	0	0	1	4	0
0	0	3	0	0	0	0	0	0	0	0	19770	0	0	0	0	0	0	0	0	0	0	0	0	0	0	3	0	5	1	0
0	0	1	0	0	0	0	0	0	0	0	21882	0	0	0	0	0	0	0	0	0	0	0	0	0	0	0	0	0	0	0
0	0	3	0	0	0	0	0	0	0	0	14369	0	0	0	0	0	0	0	0	0	0	0	0	0	0	0	0	0	1	0
0	0	2	0	0	0	0	0	0	0	0	15839	0	0	0	0	1	0	0	0	0	0	0	0	0	0	1	0	1	0	0
0	0	0	0	0	0	0	0	0	0	0	11854	0	0	0	0	0	0	0	0	0	0	0	0	0	0	0	7	0	0	0
0	0	0	0	0	0	0	0	0	0	0	6788	0	0	0	0	0	0	0	0	0	0	0	0	0	0	0	7	0	0	0
0	0	0	0	0	0	0	0	0	0	0	7509	0	0	0	0	0	0	0	0	0	0	0	0	0	0	0	3	0	0	0
0	0	2	0	0	0	0	0	0	0	0	17682	0	0	0	0	6	0	0	0	0	0	0	0	0	0	0	2	0	0	0
0	0	2	0	0	0	0	2	0	0	0	8544	0	0	0	0	0	0	0	0	0	0	0	0	0	0	1	2	0	3	0
0	0	0	0	0	0	0	4	0	0	0	2629	0	1	0	0	0	0	0	0	0	0	0	0	0	0	1	1	0	0	0
0	0	0	0	0	0	0	0	0	0	0	6583	0	0	0	0	0	0	0	0	0	0	0	0	0	0	1	2	0	0	0
0	0	0	0	0	0	0	0	0	0	0	6433	1	0	0	0	0	0	0	0	0	0	0	0	0	0	0	2	0	0	0
0	0	0	0	0	0	0	0	0	0	0	7612	0	0	0	0	0	0	0	0	0	0	0	0	0	0	1	0	0	5	0
0	0	0	0	0	0	0	0	0	0	0	913	0	0	0	0	0	0	0	0	0	0	0	0	0	0	0	0	0	1	0
0	0	0	0	0	0	0	0	0	0	0	3908	0	0	0	0	0	0	0	0	0	0	0	0	2	0	0	3	0	0	0
0	0	0	0	0	0	0	0	0	0	0	1314	0	0	0	0	0	0	0	0	0	0	0	0	0	0	0	0	0	0	0
0	0	1	0	0	0	0	0	0	0	0	2518	0	0	3	0	0	0	0	0	0	0	0	1	0	0	0	0	1	1	0
0	0	0	0	1	0	0	0	0	0	0	5306	0	0	0	0	0	0	0	0	0	0	0	0	0	0	1	13	0	0	0
0	0	1	0	0	0	0	0	0	0	0	1231	0	0	0	0	0	0	0	0	0	0	0	0	0	0	0	0	0	4	0
0	0	0	0	0	0	0	2	0	0	1	3881	0	0	0	0	0	0	0	0	0	0	0	0	0	0	0	18	0	0	0
0	0	1	0	0	0	0	0	0	0	0	1478	0	0	0	0	0	0	0	0	0	0	0	0	0	0	1	1	0	1	0
0	0	2	0	0	0	0	2	0	0	0	2781	0	0	0	0	0	0	0	0	0	0	0	0	0	0	0	1	2	1	0
0	0	0	0	0	0	0	0	0	0	1	4439	1	0	0	0	0	0	0	0	0	0	0	0	0	0	1	0	0	1	0
0	0	0	0	0	0	0	0	0	0	2	6012	0	0	0	0	0	0	0	0	0	0	0	1	0	0	0	2	2	1	0
0	0	0	0	0	0	0	0	0	0	0	7885	0	0	0	0	0	0	0	0	0	0	0	0	0	0	0	1	0	0	0
0	0	0	0	0	0	0	0	0	1	1	3795	0	0	0	0	0	0	0	0	0	0	0	14	0	0	0	2	10	1	0
0	0	0	0	0	0	0	0	1	0	0	9299	1	0	0	0	0	0	0	0	0	0	0	0	0	0	0	0	0	8	0
0	0	0	0	0	0	0	0	0	0	0	5908	0	0	0	0	0	1	0	0	0	0	0	0	0	0	1	0	0	0	0
0	0	0	0	0	0	0	0	0	1	0	9001	2	0	0	0	0	0	0	0	0	0	0	0	0	0	0	3	0	0	0
0	0	1	0	0	0	0	0	0	0	0	9499	0	0	0	0	0	0	0	0	0	0	0	0	0	0	0	0	0	0	0
0	0	0	0	0	0	0	0	0	0	0	6430	0	0	0	0	0	0	0	0	0	0	0	0	0	1	0	0	0	0	0
0	0	4	0	0	0	0	0	0	0	0	10249	0	0	0	0	0	0	0	0	0	0	0	0	0	0	0	4	0	0	0
0	0	1	0	0	0	0	0	0	0	0	5129	0	0	0	0	0	0	0	0	0	0	0	0	0	0	0	0	0	3	0
0	0	0	0	0	0	0	0	0	0	0	7919	0	0	0	0	0	0	2	0	0	0	0	0	0	0	0	5	0	0	0
0	0	0	0	0	0	0	0	0	0	0	3806	0	0	0	0	0	0	0	0	0	0	0	0	0	0	0	0	0	0	0
0	0	2	0	0	0	0	1	0	0	0	7177	0	0	0	0	0	0	0	2	0	0	0	0	12	1	0	5	0	0	0
1	0	3	0	0	0	0	0	0	0	1	8681	0	0	0	0	0	0	0	0	0	0	0	0	0	0	1	0	1	1	1
0	0	4	0	0	0	0	0	0	0	0	3257	1	1	0	0	0	0	0	0	1	0	0	0	0	0	0	0	1	2	0
0	0	0	0	0	0	0	0	0	0	0	8362	0	0	0	0	0	0	0	0	0	0	0	0	0	0	0	2	0	0	0
0	0	0	0	0	0	0	0	0	0	0	5054	0	0	0	0	0	0	0	0	0	0	0	0	0	0	0	6	0	0	0
0	0	1	0	0	0	1	0	2	0	2	10579	0	0	0	0	0	0	0	0	0	0	0	0	0	0	1	2	1	0	0
0	0	0	0	0	0	0	0	0	0	0	13	0	0	0	0	0	0	0	0	0	0	0	0	0	0	0	0	0	0	0
0	0	0	0	0	0	0	0	0	0	0	10889	0	0	0	0	0	0	0	0	0	0	0	0	0	0	0	2	4	1	0
0	0	4	0	0	0	0	0	0	0	0	1998	0	0	0	0	0	0	0	0	0	0	0	0	0	0	1	0	0	1	0
0	0	0	0	2	0	0	0	0	2	2	3735	0	0	0	0	0	0	0	1	0	0	0	0	0	0	0	7	0	0	0
0	0	0	0	0	0	0	0	0	0	0	9207	1	0	0	0	0	0	0	0	0	0	0	0	0	0	0	3	0	0	0
0	0	0	0	0	0	0	0	0	0	0	5973	0	0	0	0	0	0	0	0	0	0	0	0	0	0	0	0	0	0	0
0	0	0	0	0	0	0	0	0	0	1	1897	0	0	0	0	0	0	0	0	0	0	0	0	0	0	0	2	1	1	0
0	0	0	0	0	0	0	0	0	0	0	9589	0	0	0	0	0	0	0	0	0	0	0	1	0	0	0	1	2	0	0
0	0	2	0	0	0	0	0	0	0	0	8591	0	0	0	0	0	0	0	0	0	0	0	0	0	0	1	2	0	0	0
0	0	1	0	0	0	0	0	0	0	0	11775	0	1	0	0	0	0	0	0	0	0	0	0	0	0	1	6	1	0	0
5	0	1	0	0	0	0	3	0	0	0	9440	1	0	0	0	0	1	0	0	0	0	0	0	1	0	0	4	0	0	0
0	0	0	0	0	0	0	0	0	0	0	3696	0	0	0	0	0	0	0	0	0	0	0	0	0	0	0	5	0	0	0
0	0	2	0	0	0	0	0	0	0	0	8948	0	0	0	0	0	0	0	0	0	0	0	0	0	0	0	4	1	0	0
0	0	2	0	0	0	0	0	0	0	0	7426	0	0	0	0	0	0	0	0	0	0	0	0	0	0	0	0	0	0	0
0	0	1	0	0	0	0	0	0	0	0	12216	0	0	0	0	0	0	0	0	0	0	0	0	0	0	0	6	0	0	0
0	0	1	0	0	1	0	0	0	0	0	6579	1	0	0	0	0	0	0	0	0	0	0	0	6	0	0	1	1	0	0
0	0	2	0	0	0	0	0	0	0	0	1852	0	0	0	0	0	0	0	0	0	0	0	0	0	0	2	0	1	0	0
0	0	5	0	0	0	0	0	0	0	0	3447	0	0	0	0	0	0	0	0	0	0	0	0	2	0	1	3	2	4	0
0	0	1	0	0	0	0	0	0	0	0	5806	0	0	0	0	0	0	0	0	0	0	0	0	0	0	1	2	1	0	0
0	0	5	0	0	0	0	0	0	0	0	7111	0	0	0	0	0	0	0	0	0	0	0	6	0	0	1	0	7	0	0
0	0	1	0	0	0	0	0	0	0	0	8524	1	0	0	0	0	0	0	0	0	0	0	0	0	0	0	12	0	0	0
0	0	0	0	0	0	0	0	0	0	0	9792	0	0	0	0	0	0	0	0	0	0	0	0	0	0	0	7	1	0	0
0	0	7	0	0	0	0	0	0	0	1	7677	2	1	1	0	0	0	0	0	0	0	0	0	0	0	1	5	1	0	1
0	0	0	0	0	0	0	0	0	0	0	8640	1	0	0	0	0	0	0	0	0	0	0	0	0	1	0	2	1	0	0
0	0	2	0	0	0	0	0	0	0	0	4899	0	1	0	0	0	0	0	0	0	0	0	0	0	0	1	2	0	0	0
0	0	0	1	0	0	1	0	0	0	0	10235	0	1	0	0	0	0	0	0	0	0	0	0	0	0	1	2	2	2	0
0	0	4	0	0	0	0	0	0	0	0	3150	0	0	0	0	0	0	0	0	0	0	0	0	0	0	1	0	0	0	0
0	0	4	0	0	0	0	0	0	0	0	2469	0	0	0	0	2	0	0	0	0	0	1	0	0	0	2	3	2	0	0
0	0	0	0	0	0	0	0	0	0	0	6396	0	0	0	0	0	0	0	0	0	0	0	0	0	0	0	0	0	0	0
0	0	0	0	0	0	0	0	0	0	0	5564	0	0	0	0	0	2	0	0	0	0	0	0	0	0	0	2	0	0	0
0	0	0	0	0	0	0	0	0	0	0	10856	0	0	9	0	2	0	0	0	1	0	0	0	0	0	1	0	0	0	0
0	0	0	0	0	0	0	0	0	0	0	7640	1	0	0	0	0	0	0	0	0	0	0	0	0	0	0	0	0	0	0
0	0	2	0	0	0	0	0	0	0	0	3448	0	1	0	0	0	0	0	0	0	0	1	0	0	0	1	0	1	1	0
0	0	0	0	0	0	0	0	0	0	0	8486	0	0	0	0	0	0	0	0	0	0	0	0	0	0	0	0	0	0	0
0	0	0	3	0	25	0	0	0	0	0	5570	495	0	0	0	0	0	0	0	0	0	0	0	0	0	0	4	0	0	0
0	0	0	0	0	0	0	0	0	0	0	6918	0	0	0	0	0	0	0	0	0	0	0	0	0	0	0	4	0	0	0
0	0	1	0	0	0	0	0	0	0	0	8556	0	0	0	0	0	0	0	0	0	0	0	0	0	0	0	7	1	1	1
0	0	3	0	0	0	0	0	0	0	0	6128	0	0	0	0	0	1	0	0	0	0	0	0	0	0	0	0	1	1	0
0	0	0	0	0	0	0	0	0	0	0	2714	0	0	0	0	0	0	0	0	0	0	0	0	0	0	0	0	2	3	0
0	0	2	0	0	0	0	0	0	0	0	8671	0	0	0	0	0	0	0	0	0	0	0	0	0	1	0	4	9	3	0
0	0	4	0	0	0	0	0	0	0	0	2956	0	0	0	0	0	0	0	0	0	0	0	0	0	0	0	0	1	2	0
0	0	3	0	0	0	0	0	0	0	1	9537	0	0	0	0	0	0	0	0	0	0	0	0	1	0	1	0	0	0	0
0	0	0	0	0	0	0	0	0	0	0	8832	0	0	0	0	0	0	0	0	0	0	0	0	0	0	0	0	0	0	0
0	0	1	0	0	0	0	0	0	0	0	7215	0	0	0	0	1	0	0	0	0	0	0	0	0	0	0	0	0	0	0
0	0	3	0	0	0	0	0	0	0	1	9034	0	0	0	0	0	3	0	0	0	0	0	0	0	0	0	0	1	0	0
0	0	0	0	0	0	0	0	0	0	0	8832	0	0	0	0	0	0	0	0	0	0	0	0	0	0	0	0	0	0	0
0	0	1	0	0	0	0	0	0	0	0	7217	0	0	0	0	1	0	0	0	0	0	0	0	0	0	0	0	0	0	0
0	0	0	0	0	0	0	0	0	0	0	7124	0	0	0	0	0	0	0	0	0	0	0	0	0	0	0	0	0	0	0
0	0	0	0	0	0	0	0	0	0	0	2166	0	0	0	0	4	0	0	0	0	0	0	0	0	0	0	0	0	0	0
0	0	1	0	0	0	0	0	0	0	0	3831	0	0	0	0	3	0	0	0	0	0	0	0	0	0	0	0	0	0	0
0	0	0	0	0	0	0	0	0	0	0	9042	0	0	0	0	0	1	0	0	0	0	0	0	0	0	0	0	0	0	0
0	0	2	0	0	0	0	0	0	0	0	11144	0	0	0	0	0	0	2	0	0	0	0	0	0	1	2	10	4	1	0
0	0	0	0	0	0	0	0	0	0	0	10774	0	0	0	0	0	0	0	0	0	0	0	0	0	0	0	2	0	0	0
0	0	0	0	0	0	0	1	0	0	0	5631	1	0	0	0	0	1	0	0	0	0	0	0	0	0	0	0	0	0	0
0	0	0	0	0	0	0	0	0	0	0	5733	0	0	0	0	0	0	0	0	0	0	0	0	0	0	0	0	0	0	0
0	0	1	0	0	0	0	0	0	0	0	5463	0	0	0	0	0	0	0	0	0	0	0	0	0	0	0	4	0	0	0
0	0	1	0	0	0	0	0	0	0	0	3285	0	1	0	0	0	0	0	0	0	0	0	0	0	0	1	9	0	0	0
0	0	1	0	0	0	0	0	0	0	0	5668	0	0	0	0	0	0	0	0	0	0	0	0	0	0	1	1	3	0	0
0	0	4	0	0	0	0	0	0	1	0	9368	0	0	2	0	0	0	0	0	0	0	0	0	0	0	0	2	1	0	0
0	0	4	1	0	0	0	25	0	0	1	12413	0	0	0	0	62	0	0	0	0	0	0	0	0	1	2	8	12	302	0
0	0	1	0	0	0	0	0	0	0	0	14174	0	0	0	0	0	1	0	0	0	0	0	0	0	0	3	2	1	7	0
0	0	1	0	0	0	0	0	0	0	0	13530	1	0	0	0	6	0	0	0	0	0	0	0	0	0	1	0	2	9	0
0	0	2	0	0	0	0	28	0	1	1	9233	0	0	0	0	52	0	0	0	0	0	0	1	0	2	3	28	6	124	0
0	0	5	0	0	0	0	0	0	0	0	38252	0	0	1	0	0	0	0	0	0	0	0	0	0	0	1	1	1	4	0
0	0	3	0	0	0	0	11	0	0	0	15049	0	0	0	0	30	0	1	0	0	0	0	0	0	0	0	16	8	152	0
0	0	8	0	0	0	0	2	0	0	0	14730	0	0	0	0	0	0	0	0	0	0	0	0	0	0	0	0	0	0	0
0	0	1	0	0	0	0	1	0	0	0	39242	0	0	0	0	5	0	0	0	0	0	0	0	0	0	2	0	0	2	0
0	0	9	0	0	0	0	0	0	0	0	14608	1	0	2	0	4	0	0	0	0	0	0	0	0	0	1	0	0	0	0
0	0	1	0	0	0	0	0	0	0	0	26872	0	0	0	0	4	0	0	0	0	0	0	0	0	0	4	0	0	0	0
0	0	2	0	0	0	0	0	0	0	0	20375	0	0	0	0	1	1	0	0	0	0	0	0	0	0	0	21	2	2	0
0	0	2	0	0	0	0	0	0	0	0	28605	0	0	0	0	0	0	0	0	0	0	0	0	0	0	1	3	1	1	0
0	0	0	0	0	0	0	0	0	0	0	28407	1	0	0	0	0	0	0	0	0	0	0	0	1	0	0	4	0	0	0
0	0	2	0	0	0	0	2	0	0	0	14557	0	0	0	0	10	0	0	0	0	0	0	0	0	0	2	6	0	0	0
0	0	0	0	0	0	0	0	0	0	0	4381	0	0	0	0	0	0	0	0	0	0	0	0	0	0	0	1	0	0	0
0	0	1	0	0	0	0	0	0	0	0	19179	0	0	0	0	0	0	0	0	0	0	0	0	0	0	0	0	3	0	0
0	0	2	0	0	0	0	4	0	0	0	40838	0	0	0	0	0	0	0	0	0	0	0	0	0	0	0	10	0	1	0
0	0	9	0	0	0	0	2	0	0	0	30827	0	0	0	0	0	2	1	0	0	0	0	0	0	0	4	6	0	0	0
0	0	1	0	0	0	0	6	0	0	0	19382	0	0	0	0	14	0	0	0	0	0	0	0	0	0	2	0	16	168	0
0	0	0	0	0	0	0	0	0	0	0	31700	0	0	0	0	0	0	0	0	0	0	0	0	0	0	0	4	0	0	0
0	0	0	0	0	0	0	4	0	0	0	27864	0	0	0	0	19	0	0	0	0	0	0	0	0	0	0	8	1	1	0
0	0	1	0	0	0	0	0	0	0	0	25796	0	0	0	0	0	0	0	0	0	0	0	0	0	0	0	3	0	0	0
0	0	0	0	0	0	0	0	0	0	0	6472	0	0	0	0	0	4	0	0	0	0	0	0	0	0	0	2	0	0	0
0	0	0	0	0	0	0	0	0	0	0	8044	0	0	0	0	0	0	0	0	0	0	0	0	0	0	0	0	0	0	0
0	0	0	0	0	0	0	0	0	0	0	6499	0	0	0	0	0	0	0	0	0	0	0	0	0	0	0	0	0	0	0
0	0	0	0	0	0	0	0	0	0	0	3612	0	0	0	0	0	0	0	0	0	0	0	0	0	0	0	0	0	0	0
0	0	0	0	0	0	0	0	0	0	0	3421	0	0	0	0	0	0	0	0	0	0	0	0	0	0	0	0	0	0	0
0	2	0	0	0	0	0	0	0	0	0	18332	2	0	0	0	0	0	0	0	0	0	0	0	0	0	0	2	0	0	0
0	0	0	0	0	0	0	0	0	1	0	38478	0	0	0	0	0	0	0	0	0	0	0	0	0	0	0	0	1	1	0
0	0	0	0	0	0	0	0	0	0	0	18711	0	0	0	0	0	0	0	0	0	0	0	0	0	0	0	2	0	0	0
0	0	0	0	0	0	0	0	0	0	0	3171	0	0	0	0	2	0	0	0	0	0	0	0	0	0	0	0	0	0	0
0	0	0	0	0	0	0	0	0	0	0	2827	0	0	0	0	0	0	0	0	0	0	0	0	0	0	0	0	0	0	0
0	0	0	0	0	0	0	0	0	0	0	2869	0	0	0	0	2	1	0	0	0	0	0	0	0	0	0	2	0	0	0
0	0	0	0	0	0	0	0	0	0	0	2755	0	0	0	0	2	0	0	0	0	0	0	0	0	0	0	0	0	0	0
0	0	3	0	0	0	0	0	0	0	0	18017	1	0	0	0	0	0	0	0	0	0	0	0	0	0	3	2	0	0	0
0	0	1	3	0	29	0	11	1	1	1	31172	576	0	0	0	3	0	0	1	0	0	0	0	0	1	2	28	0	0	1
0	0	0	0	0	0	0	0	0	0	0	3325	0	0	0	0	0	0	0	0	0	0	0	0	0	0	0	0	0	0	0
0	0	0	0	0	0	0	2	0	0	0	29714	0	0	0	0	2	0	0	0	0	0	0	0	0	0	0	0	0	0	0
0	0	0	0	0	0	0	0	0	0	0	27439	0	0	0	0	0	2	0	0	0	0	0	0	0	0	0	11	0	0	0
0	0	0	0	0	0	0	0	0	0	0	4511	0	0	0	0	2	0	0	0	0	0	0	0	0	0	0	0	0	0	0
0	0	1	0	0	0	0	3	0	0	0	22417	0	0	0	0	4	0	0	0	0	0	0	0	0	1	0	4	0	0	0
0	0	0	0	0	0	0	0	0	0	0	5667	0	0	0	0	2	0	0	0	0	0	0	0	0	0	0	0	0	0	0
0	0	0	0	0	0	0	0	0	0	0	26038	0	0	0	0	2	0	0	0	0	0	0	0	0	0	0	4	0	0	0
0	0	2	0	0	0	0	0	0	0	0	24390	0	0	0	0	0	0	0	0	0	0	0	0	0	0	2	2	0	1	0
0	0	0	0	0	0	0	0	0	0	0	20307	0	0	0	0	0	0	0	0	0	0	0	0	0	0	0	0	0	0	0
0	0	5	0	0	0	0	2	0	0	0	40384	0	0	0	0	1	2	0	0	0	0	0	1	0	0	0	1	1	0	1
0	0	3	0	0	0	0	0	0	0	1	21863	0	2	0	0	1	0	0	0	0	0	0	0	1	0	2	0	0	2	0
0	0	0	0	0	0	0	0	0	0	1	15743	29	0	0	0	2	0	0	0	0	0	0	0	0	0	0	0	0	1	0
0	0	0	0	0	0	0	0	0	0	0	2091	0	0	0	0	0	0	0	0	0	0	0	0	0	0	0	0	0	0	0
0	0	4	0	0	1	0	2	0	0	0	21601	0	0	0	0	0	0	0	0	0	0	0	0	0	0	1	0	0	0	0
0	0	2	0	0	0	0	0	0	0	0	23567	0	0	0	0	0	0	0	0	0	0	0	0	0	0	0	0	0	0	0
0	0	3	0	0	0	0	0	0	0	0	26533	2	0	0	0	2	0	0	0	0	0	0	0	1	0	2	0	1	0	0
0	0	0	0	0	0	0	0	0	0	0	18152	0	0	0	0	5	6	0	0	0	0	0	0	0	0	0	4	0	0	0
0	0	0	0	0	0	0	0	0	0	0	912	0	0	0	0	0	0	0	0	0	0	0	0	0	0	0	0	0	0	0
0	0	2	0	0	0	0	0	0	0	0	22279	0	0	0	0	0	0	0	0	0	0	0	0	0	0	0	0	0	0	0
0	0	1	0	0	0	0	0	0	0	0	14218	6	0	0	0	0	0	0	0	0	0	0	0	0	0	1	0	0	0	1
0	0	0	0	0	0	0	0	0	0	0	17387	0	0	0	0	0	0	0	0	0	0	0	0	0	0	0	6	0	0	0
0	0	0	0	0	0	0	0	0	0	1	14364	0	0	0	0	2	0	0	0	0	0	0	0	0	0	0	2	1	1	0
0	0	0	0	0	0	0	0	0	0	0	1852	0	0	0	0	0	0	0	0	0	0	0	0	0	0	0	0	0	0	0
0	0	0	0	0	0	0	0	0	0	0	1282	0	0	0	0	2	0	0	0	0	0	0	0	0	0	1	0	0	0	0
0	0	0	0	0	0	0	0	0	0	0	26749	1	0	0	0	0	0	0	0	0	0	0	0	0	0	0	2	0	0	0
0	0	0	0	0	0	0	0	0	0	0	30740	0	0	0	0	5	2	0	0	0	0	0	0	0	0	0	0	0	0	0
0	0	0	0	0	0	0	0	0	0	0	34281	0	0	0	0	2	0	0	0	0	0	0	0	0	0	0	2	0	0	0
0	0	0	0	0	0	0	2	0	0	0	20378	0	0	0	0	3	0	0	0	0	0	0	0	0	0	0	0	0	0	0
0	0	0	0	0	0	0	2	0	0	0	18981	1	0	0	0	2	0	0	0	0	0	0	0	0	0	0	0	0	0	0
0	0	0	0	0	0	0	0	0	0	0	19875	0	0	0	0	0	0	0	0	0	0	0	0	0	0	0	2	0	0	0
0	0	6	0	0	1	0	2	0	0	1	23986	0	0	0	0	0	0	0	0	0	0	0	0	0	0	1	1	2	3	0
0	0	0	0	0	0	0	0	0	0	0	30623	0	0	0	0	2	11	0	0	0	0	0	0	0	0	0	2	0	0	0
0	0	0	0	0	0	0	0	0	0	0	6873	1	0	0	0	0	0	0	0	0	0	0	0	0	0	0	0	0	0	0
0	0	0	0	0	0	0	0	0	0	0	6327	0	0	0	0	2	2	0	0	0	0	0	0	0	0	0	0	0	0	0
0	0	0	0	0	0	0	0	0	0	0	31805	1	0	0	0	0	0	0	0	0	0	0	0	0	0	0	0	0	0	0
0	0	0	0	0	0	0	0	0	0	0	16277	0	0	0	0	4	0	0	0	0	0	0	0	0	0	0	2	0	0	0
0	0	0	0	0	0	0	0	0	0	0	20029	2	0	0	0	0	0	0	0	0	0	0	0	0	0	0	0	0	0	0
0	0	0	0	0	0	0	0	0	0	0	3315	0	0	0	0	0	0	0	0	0	0	0	0	0	0	0	0	0	0	0
0	0	0	0	0	0	0	0	0	0	0	1647	0	0	0	0	0	0	0	0	0	0	0	0	0	0	0	0	0	0	0
0	0	0	0	0	0	0	2	0	0	0	27510	0	0	0	0	2	0	0	0	0	0	0	0	0	0	0	0	0	0	0
0	0	3	0	0	0	0	0	0	0	1	28625	2	0	0	0	0	0	0	0	0	0	1	0	0	0	0	0	0	0	0
0	0	0	0	0	0	0	0	0	0	0	15084	0	0	0	0	4	0	0	0	0	0	0	0	0	0	0	0	0	0	0
0	0	1	0	0	0	0	0	0	0	0	20917	2	0	0	0	0	0	0	0	0	0	0	0	0	0	0	0	1	0	0
0	0	2	0	0	0	0	0	0	0	0	22598	0	0	0	0	0	0	0	1	0	0	0	0	0	0	0	2	0	0	1
0	0	0	0	0	0	0	0	0	0	0	18823	0	0	0	0	2	2	0	0	0	0	0	0	0	0	0	2	0	0	0
0	0	0	0	0	0	0	2	0	0	0	19125	1	0	0	0	4	0	1	0	0	0	0	0	0	0	0	8	0	0	0
0	0	0	0	0	0	0	0	0	0	0	24446	1	0	0	0	2	0	0	0	0	0	0	0	0	0	0	10	0	0	0
0	0	6	0	0	0	0	0	0	0	0	24817	0	0	0	0	0	0	0	0	0	0	0	0	0	0	1	2	4	1	0
0	0	1	0	0	0	0	0	0	0	0	20547	0	0	2	0	4	0	0	0	0	0	0	0	0	0	1	0	2	2	0
0	0	2	0	0	0	0	0	0	1	0	11226	0	0	0	0	0	0	0	0	0	0	0	0	0	0	1	0	0	6	0
0	0	4	0	0	0	0	24	0	0	0	3327	1	0	0	0	99	0	0	2	0	0	0	0	0	1	1	41	3	7	0
0	0	2	0	0	0	0	2	0	0	0	13712	0	0	0	0	4	0	0	0	0	0	0	0	0	0	0	13	2	9	0
0	0	0	0	0	0	0	0	0	0	0	16565	0	0	0	0	0	0	0	0	0	0	0	1	0	0	0	0	2	3	0
0	0	1	0	0	0	0	0	0	0	0	3570	0	0	0	0	0	0	0	0	0	0	0	0	0	0	1	25	1	22	0
0	0	1	0	0	0	0	0	0	0	0	13131	0	0	0	0	0	0	0	0	0	0	0	0	0	0	1	6	0	12	0
0	0	4	0	0	0	0	0	0	0	0	13945	0	0	0	0	0	0	0	0	0	0	0	0	0	0	4	0	0	4	0
0	0	1	0	0	0	0	0	0	0	0	10081	0	0	0	0	0	0	0	0	0	0	0	0	0	0	0	0	0	2	0
0	0	1	0	0	0	0	0	0	0	0	14385	0	0	0	0	0	0	0	0	0	0	0	0	0	0	1	2	0	8	0
0	0	0	0	0	0	0	0	0	0	0	17333	1	0	0	0	0	0	0	0	0	0	0	0	1	0	0	3	0	9	0
0	0	2	0	0	0	0	2	0	0	0	34707	0	0	0	0	0	0	0	0	0	0	0	0	0	0	0	0	0	16	0
0	0	1	0	0	0	0	26	0	0	0	6804	0	0	1	0	52	0	0	8	0	1	0	0	0	2	1	8	2	3	0
0	0	4	0	0	0	0	1	0	0	0	8865	1	0	0	0	8	0	0	1	0	0	0	0	0	0	0	2	1	7	0
0	0	2	0	1	0	0	26	0	0	0	4771	1	0	1	0	61	0	0	0	0	0	0	13	0	0	0	29	9	2	0
0	0	1	0	0	0	0	0	0	0	0	15510	2	0	0	0	0	0	0	0	0	0	0	0	0	0	0	0	1	2	0
0	0	0	0	0	0	0	0	0	0	0	17916	0	0	0	0	0	0	0	0	0	0	0	0	1	0	0	8	1	1	0
0	0	6	0	0	0	0	2	0	0	0	10504	0	0	0	0	11	0	0	0	0	0	0	0	0	1	0	4	0	0	0
0	0	1	0	0	0	0	0	0	0	0	20413	1	0	0	0	8	16	0	0	0	0	0	0	0	0	0	0	0	0	1
0	0	6	0	0	0	0	0	0	0	0	9721	0	1	1	0	15	0	0	1	0	0	0	0	0	0	2	10	2	0	0
0	0	1	0	0	0	0	1	0	0	0	20041	0	0	0	0	6	0	0	0	0	0	0	0	0	1	0	0	0	0	0
0	0	15	0	0	0	0	10	0	0	1	7573	0	0	0	0	16	0	0	0	0	0	1	0	0	0	4	2	1	1	0
0	0	1	0	0	0	0	2	0	0	0	27747	0	0	0	0	9	8	0	0	0	0	0	0	0	0	0	0	1	1	0
0	0	3	0	0	0	0	0	0	0	0	17604	0	0	0	0	0	0	0	0	0	0	0	0	0	0	0	0	0	0	0
0	0	8	0	0	0	0	6	0	0	0	9645	0	0	0	0	1	0	0	0	0	0	0	0	0	0	1	0	1	2	0
0	0	4	0	0	0	0	0	0	0	0	23754	0	0	0	0	8	0	0	0	0	0	0	0	0	0	0	2	1	0	0
0	4	1	0	0	0	0	6	0	1	0	22447	1	0	0	0	0	0	0	0	0	0	0	0	1	0	0	6	0	2	0
0	0	4	0	0	0	0	0	0	0	0	26092	0	0	0	0	2	0	0	0	0	0	0	0	0	0	1	0	1	0	0
0	0	1	0	0	0	0	0	0	0	0	19911	0	0	0	0	0	0	0	0	0	0	0	0	0	0	2	0	0	0	0
4	693	1	338	5	944	7	2	10	0	1	9642	19514	1	0	4	2	11	0	0	0	1	2	0	0	1	5	6	0	0	1
0	0	1	0	0	0	0	0	0	0	0	20060	2	0	0	0	2	0	0	0	0	0	0	0	0	0	0	0	0	0	0
0	0	0	0	0	0	0	1	0	0	0	12651	0	0	0	0	1	0	0	0	0	0	0	0	0	1	0	0	0	0	0
0	0	0	0	0	0	0	0	0	0	0	13310	0	0	0	0	5	0	0	0	0	0	0	0	0	0	0	2	0	1	0
0	0	2	0	0	0	0	7	0	0	0	11249	0	0	0	0	38	0	0	0	0	0	0	0	0	1	0	0	1	2	0
0	0	1	0	0	0	0	0	0	0	0	15962	0	0	0	0	12	0	0	0	0	0	0	0	0	0	0	1	2	0	0
0	0	0	0	0	0	0	0	0	0	0	5509	0	0	0	0	0	0	0	0	0	0	0	0	0	0	0	0	0	0	0
0	0	0	0	0	0	0	0	0	0	0	51	0	0	0	0	0	0	0	0	0	0	0	0	0	0	0	0	0	0	0
0	0	0	0	0	0	0	0	0	0	0	9672	0	0	0	0	0	0	0	0	0	0	0	0	0	0	0	0	0	0	0
9	1	0	0	0	0	1	3	0	0	0	11012	0	0	0	1	0	0	0	0	0	1	1005	0	0	0	0	2	0	0	0
0	0	0	0	0	2	0	0	0	0	0	26481	22	0	0	0	2	0	0	0	0	0	0	0	0	0	0	1	1	0	0
0	0	0	0	0	0	0	0	0	0	0	5199	4	0	0	0	2	0	0	0	0	0	0	0	0	0	0	0	0	0	0
0	0	1	0	0	0	0	0	0	0	0	9296	0	0	0	0	2	0	0	0	0	0	0	0	0	0	0	0	0	0	0
0	0	0	0	0	1	0	2	0	0	0	3927	26	0	0	0	0	0	0	0	0	0	0	0	0	0	0	0	0	0	0
0	0	1	0	0	0	0	0	0	0	0	15957	0	0	0	0	0	0	0	0	0	0	0	0	0	0	0	94	0	0	0
0	0	0	0	0	0	0	0	0	0	0	11545	0	0	0	0	0	0	0	0	0	0	0	0	0	0	1	0	2	0	0
0	0	0	0	0	0	0	2	0	0	0	13606	8	0	0	0	2	0	0	0	0	0	0	0	0	0	1	0	0	0	0
0	0	4	0	0	0	0	0	0	0	0	11527	0	0	0	0	0	0	0	0	0	0	0	0	0	0	0	1	1	0	0
0	0	0	0	0	0	0	0	0	0	0	24109	0	0	0	0	0	0	0	0	0	0	0	2	0	0	0	1	1	0	0
0	0	0	0	0	0	0	2	0	0	0	13606	8	0	0	0	2	0	0	0	0	0	0	0	0	0	1	0	0	0	0
0	0	2	0	0	0	0	0	0	0	0	18950	0	0	0	0	0	0	0	0	0	0	0	0	1	0	1	2	7	4	0
0	0	4	0	0	0	0	0	0	0	0	13134	0	0	0	0	4	0	0	0	0	0	0	0	0	0	1	0	0	0	0
0	0	1	0	0	0	0	0	0	0	0	17190	0	0	0	0	2	0	0	0	0	0	0	0	0	0	0	0	0	1	0
1	0	0	6	0	84	1	0	0	0	0	12890	1532	0	0	0	0	4	0	0	0	0	0	0	0	1	1	2	0	0	0
0	0	1	0	0	0	0	0	0	0	0	13679	0	0	0	0	0	0	0	0	0	0	0	0	0	0	0	0	2	0	0
0	0	1	0	0	0	0	0	0	0	0	15261	1	0	0	0	0	4	0	0	0	0	0	2	0	0	1	0	0	1	0
0	0	0	0	0	0	0	0	0	0	0	9966	0	0	0	0	0	0	0	0	0	0	0	0	0	0	1	4	2	1	0
0	0	0	0	0	0	0	0	0	0	0	5602	0	0	0	0	0	0	0	0	0	0	0	0	0	0	0	0	0	0	0
0	0	0	0	0	0	0	4	0	0	0	5208	0	0	0	0	0	0	0	0	0	0	0	0	0	0	0	8	0	0	0
0	0	0	0	0	0	0	2	0	0	0	2239	0	0	0	0	0	0	0	0	0	0	0	0	0	0	0	8	0	0	0
0	0	0	0	0	0	0	2	0	0	0	14820	0	0	0	0	0	0	0	0	0	0	0	0	0	0	0	0	0	0	0
0	0	1	0	0	0	0	2	0	0	0	18878	1	0	0	0	0	0	0	0	0	0	0	0	0	0	0	0	2	1	0
0	0	0	0	0	0	0	0	0	0	0	18442	0	0	0	0	4	0	0	0	0	0	0	0	0	0	0	2	0	0	0
0	0	3	0	0	0	0	0	0	0	0	20029	0	0	0	0	0	0	0	0	0	0	0	0	0	0	2	2	0	0	0
0	0	0	0	0	0	0	0	0	0	0	6404	0	0	0	0	0	0	0	0	0	0	0	0	0	0	0	9	0	1	0
0	0	2	0	0	0	0	4	0	0	0	16319	0	0	0	0	5	0	0	0	0	0	0	0	0	0	0	4	10	4	0
0	0	0	0	0	0	0	0	0	0	0	5336	0	0	0	0	1	0	0	0	0	0	0	0	0	0	0	2	0	0	0
0	0	0	0	0	0	0	14	0	1	0	6377	0	0	0	0	71	0	0	0	0	0	0	0	0	2	0	80	0	0	0
0	0	0	0	0	0	0	0	0	0	0	15814	0	0	0	0	2	0	0	0	0	0	0	0	0	0	0	0	0	0	0
0	0	0	0	0	0	0	0	0	0	0	6923	0	0	0	0	0	0	0	0	0	0	0	0	0	0	0	0	0	0	0
0	0	0	0	0	0	0	0	0	0	0	15331	0	0	0	0	0	0	0	0	0	0	0	0	0	0	0	2	0	0	0
0	0	0	0	0	0	0	0	0	0	0	4729	0	0	0	0	0	0	0	0	0	0	0	0	0	0	0	2	0	0	0
0	0	1	0	0	0	0	0	0	0	0	22085	1	0	1	0	0	9	0	1	0	0	0	0	0	0	0	0	2	2	0
0	0	0	0	0	0	0	0	0	0	0	6109	0	0	0	0	0	1	0	0	0	0	0	0	0	0	0	2	0	0	0
0	0	3	0	0	0	0	2	0	0	0	15921	0	0	1	0	0	0	0	0	0	0	0	0	0	0	0	0	1	1	0
0	0	0	0	0	0	0	0	0	0	0	13615	0	0	0	0	2	0	0	0	0	0	0	0	0	0	0	1	0	0	0
0	0	0	0	0	0	0	0	0	0	0	15040	0	0	0	0	0	0	0	0	0	0	0	0	0	0	0	5	0	0	0
0	0	0	0	0	0	0	0	0	1	0	10037	0	0	0	0	0	0	0	0	0	0	0	0	0	0	0	6	0	0	0
0	0	0	0	0	0	0	0	0	0	0	6346	0	0	0	0	2	0	0	0	0	0	0	0	0	0	0	0	0	0	0
0	0	0	0	0	0	0	0	0	0	0	26508	0	0	0	0	2	0	0	0	0	0	0	0	0	0	0	2	0	0	0
0	0	3	0	0	0	0	0	0	0	0	26907	0	0	0	0	2	0	0	0	0	0	0	0	0	0	1	0	0	28	0
0	0	3	0	0	0	0	0	0	3	0	20159	0	0	1	0	4	0	0	0	0	0	0	0	0	0	1	4	0	0	0
0	0	0	0	0	0	0	0	0	0	0	910	0	0	0	0	0	0	0	0	0	0	0	0	0	0	0	0	0	0	0
0	0	0	0	0	0	0	0	0	0	0	1130	0	0	0	0	0	0	0	0	0	0	0	0	0	0	0	0	0	0	0
0	0	4	0	0	0	0	6	0	0	0	14576	0	0	0	0	9	0	0	0	0	0	0	0	0	0	2	4	4	2	0
0	0	0	0	0	0	0	0	0	0	0	17211	0	0	0	0	2	0	0	0	0	0	0	0	0	0	0	0	0	0	0
0	0	0	0	0	0	0	0	0	0	0	18233	0	0	0	0	0	0	0	0	0	0	0	0	0	0	0	2	0	0	0
0	0	0	0	0	0	0	0	0	0	0	1455	0	0	0	0	0	0	0	0	0	0	0	0	0	0	0	0	0	0	0
0	0	2	0	0	0	0	0	0	0	0	29823	1	0	0	0	0	0	0	0	0	0	0	0	2	0	0	4	7	2	0
0	0	0	0	0	0	0	0	0	0	0	1224	0	0	0	0	0	0	0	0	0	0	0	0	0	0	0	0	0	0	0
0	0	1	0	0	0	0	0	0	0	0	16956	0	0	0	0	0	0	0	0	0	0	0	0	0	0	0	8	0	0	0
0	0	0	0	0	0	0	0	0	0	0	24370	0	0	0	0	4	0	0	0	0	0	0	0	0	0	0	2	0	0	0
0	0	0	0	0	0	0	0	0	0	0	958	0	0	0	0	0	0	0	0	0	0	0	0	0	0	0	0	0	0	0
