Candida_glabrata	Candida_tropicalis	Debaryomyces_hansenii	Schizophyllum_commune	Saccharomyces_cerevisiae	Fusarium_oxysporum	Pyrenophora_tritici-repentis	Malassezia_globosa	Candida_albicans	Torulaspora_delbrueckii	Stereum_hirsutum	Coniosporium_apollinis	Trichosporon_asahii	Agaricus_bisporus	Candida_orthopsilosis	Malassezia_sympodialis	Cyphellophora_europaea	Wallemia_ichthyophaga	Pseudozyma_hubeiensis	Bipolaris_zeicola	Aureobasidium_namibiae	Aureobasidium_pullulans	Penicillium_expansum	Rhodotorula_graminis	Pneumocystis_jirovecii	Alternaria_alternata	Wickerhamomyces_anomalus	Hyphopichia_burtonii	Cyberlindnera_jadinii	Tilletiopsis_washingtonensis	Malassezia_restricta	Byssochlamys_spectabilis	Sporisorium_graminicola	Ramularia_collo-cygni
0	0	0	0	0	0	0	12517	0	0	0	0	1	0	0	0	0	0	0	0	0	0	0	0	0	0	0	0	0	1	2	0	0	4
0	0	0	0	0	0	0	17941	0	0	0	0	63	0	0	0	0	0	0	0	0	1	0	0	0	0	0	0	0	0	3	2	1	182
0	0	0	0	0	0	0	22755	2	0	0	0	1	0	0	0	0	0	1	0	0	0	0	0	0	0	0	0	0	0	0	0	0	1
0	0	0	0	7	2	0	16730	0	0	0	0	26180	7	0	0	0	0	0	0	0	0	0	0	0	0	0	0	0	7	2	0	0	84188
0	0	0	0	10	0	0	7599	0	0	1	2	18354	28	0	0	0	0	0	0	0	0	0	1	0	0	0	0	0	15	22	0	2	59823
0	0	0	0	0	0	0	25473	0	0	0	0	1	0	0	0	0	0	0	0	0	0	0	0	0	0	0	1	0	0	4	0	0	5
0	0	0	0	10	0	0	2487	0	0	0	0	38830	39	0	0	0	0	0	0	0	0	1	0	0	0	2	1	0	0	53	4	1	114018
0	0	0	0	0	0	0	20640	0	0	0	0	1	0	0	0	0	0	0	0	0	0	0	0	0	0	0	1	0	0	6	0	0	3
0	0	0	0	6	0	0	4813	0	0	1	0	141	1	0	0	0	0	0	0	0	0	0	0	0	0	0	0	0	23	8	0	0	1272
0	0	0	0	0	0	0	34851	1	0	0	0	20	0	0	0	0	0	0	0	1	0	0	0	0	0	0	0	0	0	4	0	0	60
0	0	0	0	0	2	0	15094	0	0	0	0	504	0	0	0	0	0	0	0	0	0	0	2	0	0	0	0	0	1	0	0	0	1588
0	0	2	1	0	0	0	8661	0	0	1	0	0	0	0	0	0	0	0	0	0	0	0	0	0	0	0	1	0	0	24	0	0	3
0	0	0	0	0	0	0	26952	1	0	0	0	3	0	0	0	0	0	0	0	0	0	0	0	0	0	0	0	0	0	2	0	0	8
0	0	0	0	0	1	0	23473	0	0	0	1	6	4	0	0	0	0	0	0	0	0	0	0	0	0	0	0	0	0	0	0	0	20
0	0	0	0	2	2	0	7111	1	0	0	0	172	14	0	0	0	0	0	0	0	0	0	0	0	1	0	3	0	2	0	0	0	587
0	0	0	0	8	0	0	19504	0	0	0	0	23	0	0	0	0	0	0	0	0	0	0	0	0	0	0	1	0	12	0	0	0	59
0	0	0	0	4	0	0	19676	0	0	0	0	21	0	0	0	0	0	0	0	0	0	0	0	0	0	0	0	0	0	2	0	0	66
0	0	0	0	2	0	0	21731	1	0	2	0	1	0	0	0	0	0	0	0	0	0	0	0	0	0	0	0	0	0	6	2	0	5
0	0	0	0	2	0	0	22805	0	0	0	0	2	0	0	0	0	0	0	0	0	0	1	0	0	0	0	0	0	0	0	0	0	20
0	0	0	0	2	0	0	29371	0	0	0	0	2	2	0	0	0	0	0	0	0	0	0	0	0	0	0	0	0	0	1	0	0	13
0	0	0	0	0	0	0	24834	1	0	0	0	138	0	0	0	0	0	0	0	0	0	0	0	0	0	0	0	2	36	0	2	0	382
0	0	0	0	2	0	0	18488	0	0	0	0	5	11	0	0	0	0	0	0	0	0	0	0	0	0	0	0	0	0	16	0	0	34
0	0	0	0	2	0	0	18958	0	0	0	0	27	0	0	0	0	0	0	0	0	0	0	0	0	0	0	0	0	1	8	0	0	91
0	0	0	0	0	0	0	34078	1	0	0	0	2	3	0	0	0	0	0	0	0	0	0	0	0	0	0	1	0	1	2	0	0	8
0	0	0	0	0	0	0	17403	1	0	0	0	6	0	0	0	0	0	0	0	0	0	0	0	0	0	0	2	0	1	3	0	0	21
0	0	0	0	5	0	0	17474	0	0	0	1	121	5	0	0	0	0	0	0	0	0	0	0	0	0	0	0	0	2	10	0	1	325
0	0	0	0	2	0	0	25439	0	0	0	0	17	0	0	0	0	0	0	0	0	1	0	0	0	0	0	0	0	0	8	0	0	58
0	0	0	0	0	0	0	4326	0	0	0	0	1	0	0	0	0	0	0	0	0	0	0	0	0	0	0	0	0	0	0	0	0	6
0	0	0	0	2	0	0	25605	0	0	0	1	0	3	0	0	0	0	0	0	0	0	0	0	0	0	0	0	0	0	4	0	0	0
0	0	0	0	0	0	0	10453	0	0	0	0	3	0	0	0	0	0	0	0	0	0	0	0	0	0	0	0	0	0	0	0	0	4
0	1	0	0	0	0	0	15145	0	0	0	0	8	0	0	0	0	0	0	0	0	0	0	0	0	0	0	0	0	0	0	0	0	27
0	0	0	0	0	0	0	18464	0	0	0	0	5	2	0	0	0	0	0	0	0	0	0	0	0	1	0	0	0	0	0	0	0	18
0	0	0	0	0	0	0	19706	1	0	0	0	0	2	0	0	0	0	0	0	0	0	0	0	0	0	0	0	0	0	2	0	0	1
15	0	0	0	0	0	0	19005	0	0	0	0	1	0	0	0	0	0	0	0	0	0	0	0	0	0	0	0	0	0	0	0	0	1
0	0	0	0	0	0	0	5166	0	0	0	0	0	0	0	0	0	0	0	0	0	0	0	0	0	0	0	0	0	0	0	0	0	0
0	0	0	0	0	0	0	21895	0	0	0	0	1	0	0	0	0	0	0	0	0	0	0	0	0	0	0	0	0	0	2	0	0	1
0	0	0	0	0	0	0	19917	3	0	0	0	0	0	0	0	0	0	0	0	0	0	0	0	0	0	0	1	0	0	0	0	0	1
0	0	0	0	0	0	0	4526	0	0	0	0	0	0	0	0	0	0	0	0	0	0	0	0	0	0	0	0	0	0	0	0	0	0
0	0	0	0	0	0	0	5546	0	0	0	0	2	0	0	0	0	0	0	0	0	0	0	0	0	0	0	0	0	0	0	0	0	12
0	915	0	0	0	0	0	22868	4	0	0	0	1763	6	2	0	0	0	0	0	0	0	0	0	0	0	0	1	0	1	15	0	0	3294
0	0	0	0	0	0	0	16764	0	0	0	0	4	0	0	0	0	0	0	0	0	0	0	0	0	0	0	0	2	0	3	0	0	10
0	0	0	0	0	0	0	14459	1	0	0	0	1	2	0	0	0	0	0	0	0	0	0	0	0	0	0	0	0	0	4	0	0	3
249	0	0	0	0	0	0	5869	61	0	0	0	1	0	0	0	0	0	0	0	0	0	0	0	0	0	0	0	0	0	0	0	0	2
0	0	0	0	2	0	0	9522	0	0	0	0	2	0	0	0	0	0	0	0	0	0	0	0	0	1	0	0	0	0	0	0	0	2
0	0	0	0	0	0	0	17281	0	0	1	0	1	1	0	0	0	0	0	0	0	0	0	0	0	0	0	0	0	0	3	0	0	1
0	0	0	0	2	0	0	24383	0	0	0	0	3	2	0	0	0	0	0	0	0	1	0	0	0	0	0	0	0	0	0	0	0	10
0	0	0	0	0	0	0	23519	0	0	0	0	23	0	0	0	0	0	0	0	0	0	0	0	0	0	0	2	0	0	0	3	0	60
0	0	0	0	2	0	0	12920	0	0	0	1	5	0	0	0	0	0	0	0	0	0	0	0	0	0	0	1	0	1	0	0	0	12
0	0	0	0	0	0	0	9741	0	0	0	1	12	0	0	0	0	0	0	0	0	0	0	0	1	2	0	1	0	1	0	0	0	46
0	0	0	0	0	0	0	20437	2	0	0	0	11	3	0	0	0	0	0	0	0	0	0	0	0	0	0	0	0	0	0	1	0	37
0	0	0	0	0	0	0	30755	2	0	0	0	4	0	0	0	0	0	0	0	0	0	0	0	0	0	0	0	0	0	0	0	0	10
0	0	0	0	0	0	0	15664	0	0	0	0	97	0	0	0	0	0	0	0	0	1	0	0	0	0	0	0	0	1	2	0	1	245
0	0	0	0	0	0	0	16533	0	0	0	0	0	0	0	0	0	0	0	0	0	0	0	0	0	0	0	0	0	0	4	0	0	2
0	0	0	0	0	0	0	27762	1	0	0	0	35	0	0	0	0	0	0	0	0	0	0	0	0	0	1	0	0	1	0	1	0	171
0	0	0	0	0	1	0	14151	0	0	3	0	1	2	0	0	0	0	0	0	0	0	0	0	0	0	0	1	4	1	4	1	1	19
0	0	0	0	0	0	0	21788	0	0	0	0	4	0	0	0	0	0	0	0	0	0	0	0	0	0	0	2	0	0	0	0	0	13
0	0	0	0	1	0	0	15336	0	0	0	0	8	0	0	0	0	0	0	0	0	0	0	0	0	0	0	1	0	0	3	0	0	19
0	0	0	0	0	0	0	22919	0	0	0	0	4	0	0	0	0	0	0	0	0	0	0	0	0	0	0	0	0	0	1	0	0	7
0	0	0	0	0	0	0	26706	0	0	0	0	14	0	0	0	0	0	0	0	0	0	0	0	0	0	0	0	1	2	10	0	0	34
0	0	0	0	0	0	0	27772	0	0	0	0	25	0	0	0	0	0	0	0	0	0	0	0	0	0	0	0	0	1	0	0	0	58
0	0	0	0	0	0	0	27719	0	0	0	0	21	0	0	0	0	0	0	0	0	0	0	0	0	0	0	0	0	2	2	1	0	57
0	0	0	0	0	0	0	15329	1	0	0	0	25	0	0	0	0	0	0	0	0	0	0	0	0	0	0	0	0	0	0	0	0	48
0	0	0	0	0	0	0	13787	2	0	0	0	6	0	0	0	0	0	0	0	0	0	0	0	0	0	0	0	0	0	0	0	0	18
0	0	0	0	3	0	0	16160	0	0	0	0	0	0	0	0	0	0	0	0	0	0	0	0	0	0	0	0	0	0	0	0	0	4
0	0	0	0	0	0	0	23963	0	0	0	0	2	6	0	0	0	0	0	0	0	0	0	0	0	0	0	0	0	0	2	0	0	2
0	0	0	0	0	0	0	4689	0	0	0	0	0	2	0	0	0	0	0	0	0	0	0	0	0	0	0	0	0	0	0	0	0	1
0	0	0	0	0	0	0	17941	0	0	0	0	1	2	0	0	0	0	0	0	0	0	0	0	0	0	0	0	0	0	2	0	0	3
0	0	0	0	0	0	0	17254	0	0	0	0	0	0	0	0	0	0	0	0	0	0	0	0	0	0	0	0	0	0	5	0	0	1
0	0	0	0	0	0	0	17309	2	0	0	0	156	2	0	0	0	0	0	0	0	0	0	0	0	0	0	0	1	1	0	0	0	380
0	0	0	0	0	0	0	12316	1	0	0	0	2	0	0	0	0	0	0	0	0	0	0	0	0	0	0	0	0	1	0	0	0	4
0	0	0	0	2	0	0	11593	2	0	0	0	429	0	0	0	0	0	0	0	0	0	0	0	0	0	0	2	0	13	0	0	0	1529
0	0	0	0	0	0	0	4303	0	0	0	0	0	0	0	0	0	0	0	0	0	0	0	0	0	0	0	0	0	0	0	0	0	0
0	0	0	0	0	0	0	17760	0	0	0	0	5	2	0	0	0	0	0	0	0	0	0	0	0	0	0	0	0	0	2	0	0	15
0	0	0	0	0	0	0	15688	0	0	0	0	1	0	0	0	0	0	0	0	0	0	0	0	0	0	0	0	0	0	4	0	0	4
0	0	0	0	0	0	0	7003	1	0	0	0	2	0	0	0	0	0	0	0	0	0	0	0	0	0	0	0	0	0	1	0	0	5
0	0	0	0	0	0	0	12648	0	0	0	0	2	2	0	0	0	0	0	0	0	0	0	0	0	0	0	0	0	0	5	0	0	6
0	0	0	0	0	0	0	5079	0	0	0	0	2	0	0	0	0	0	0	0	0	0	0	0	0	0	0	0	0	0	0	0	0	2
0	0	0	0	2	0	0	25203	0	0	0	0	3	0	0	0	0	0	0	0	0	0	0	0	0	0	0	0	0	0	4	0	0	7
0	0	0	0	0	0	0	4389	0	0	0	0	1	2	0	0	0	0	0	0	0	0	0	0	0	0	0	0	0	0	2	0	0	1
0	0	0	0	0	0	0	20289	0	0	0	0	0	0	0	0	0	0	0	0	0	0	0	0	0	0	0	0	0	0	0	0	0	4
0	0	0	0	2	0	0	16576	0	0	0	0	28	2	0	0	0	0	0	0	0	0	0	0	0	0	0	0	0	0	4	0	0	52
0	0	0	0	0	0	0	4278	0	0	0	0	0	0	0	0	0	0	0	0	0	0	0	0	0	0	0	0	0	0	2	0	0	0
0	0	0	0	0	0	0	19185	0	0	0	0	1	4	0	0	0	0	0	0	0	0	0	0	0	0	0	0	0	0	4	0	0	2
0	0	0	0	0	0	0	14966	0	0	0	0	3	0	0	0	0	0	0	0	0	0	0	0	0	0	0	0	2	0	5	0	0	8
0	0	0	0	0	0	0	12461	0	0	0	0	190	0	0	0	0	0	0	0	0	0	0	0	0	0	0	0	0	0	3	0	0	603
0	0	0	0	0	0	0	17955	0	0	0	0	2178	0	0	0	0	0	0	0	0	0	0	0	0	0	0	0	0	0	8	0	0	6925
0	0	0	0	0	0	0	27902	0	0	0	0	0	0	1	0	0	0	0	0	0	0	0	0	0	1	0	0	0	1	5	0	0	2
1	0	0	0	0	0	0	36757	1	0	0	1	14	0	0	0	0	0	0	0	0	0	0	0	0	0	0	0	0	1	0	0	0	40
0	0	0	0	0	0	0	14974	0	0	0	0	0	0	0	0	0	0	0	0	0	0	0	0	0	0	0	0	0	0	5	0	1	1
0	0	0	0	0	0	0	14384	1	0	0	0	0	0	0	0	0	0	0	0	0	0	0	0	0	0	0	0	0	0	4	0	0	2
0	0	0	0	6	0	0	22396	1	0	1	0	28833	26	0	0	0	0	0	0	0	0	0	0	0	0	0	0	0	6	3	0	2	96488
0	0	0	0	0	0	0	14997	0	0	0	0	68	10	0	0	0	0	0	0	0	0	0	0	0	0	0	0	0	0	1	0	0	207
0	0	0	0	0	0	0	14445	0	0	0	0	0	0	0	0	0	0	0	0	0	0	0	0	0	0	0	0	0	1	9	0	0	0
0	0	0	0	2	1	0	8609	0	0	0	1	1545	6	0	2	0	0	0	0	0	0	0	0	0	0	0	0	2	0	21	0	0	4655
0	0	0	0	1	0	0	19121	1	0	8	0	18	3	0	0	0	0	0	0	0	0	0	1	0	0	0	0	0	0	2	7	2	74
0	0	7	0	7	1	0	12639	0	0	0	0	22807	36	2	0	0	0	0	0	0	19	7	0	0	5	0	0	0	3	159	0	0	71032
0	0	0	0	0	0	0	8190	0	0	0	0	4	2	0	0	0	0	1	0	0	0	0	0	0	0	0	0	0	0	0	0	1	19
0	0	0	0	2	0	0	14666	0	0	0	0	3	0	0	0	0	0	0	0	0	0	0	0	0	0	0	1	0	2	0	1	1	6
0	0	0	0	4	0	0	34969	1	0	0	0	1	5	0	0	0	0	2	0	0	0	0	0	0	0	0	0	0	2	4	0	1	1
0	0	0	0	0	0	0	27249	0	0	1	0	25	0	0	0	0	0	0	0	0	0	0	0	0	0	0	0	0	0	0	0	0	73
0	0	0	0	2	0	0	30740	0	0	0	0	13	0	0	0	0	0	0	0	0	0	0	0	0	0	0	1	0	1	0	0	0	27
0	1	0	0	3	0	0	50576	162	0	0	0	10	4	0	0	0	0	0	0	0	0	0	0	0	0	0	2	0	0	7	0	0	59
0	0	0	0	0	0	0	35901	1	0	0	0	3	2	0	0	0	0	0	0	0	0	0	0	0	0	0	0	0	0	0	0	0	9
0	0	0	0	9	0	0	6082	0	0	0	0	1	0	0	0	0	0	0	0	0	0	0	0	0	0	0	0	0	0	0	0	0	5
2	0	0	0	14	0	0	42912	0	0	0	1	120	31	0	0	0	0	0	0	0	0	0	0	0	0	0	1	0	1	7	1	1	611
0	0	0	0	0	0	0	6786	0	0	0	0	1	0	0	0	0	0	0	0	0	0	0	0	0	0	0	0	0	0	2	0	0	6
0	0	0	0	0	0	0	26631	1	0	0	0	2	2	0	0	0	0	0	0	0	0	0	0	0	0	0	0	0	0	2	0	0	9
0	0	0	0	9	0	0	6081	0	0	0	0	1	0	0	0	0	0	0	0	0	0	0	0	0	0	0	0	0	0	0	0	0	5
0	0	0	0	0	0	0	26631	1	0	0	0	2	2	0	0	0	0	0	0	0	0	0	0	0	0	0	0	0	0	2	0	0	9
0	0	0	0	0	0	0	7878	0	0	0	0	0	0	0	0	0	0	0	0	0	0	0	0	0	0	0	0	0	0	0	0	0	0
0	0	0	0	0	0	0	3276	0	0	0	0	0	0	0	0	0	0	0	0	0	0	0	0	0	0	0	0	0	0	0	0	0	0
0	0	0	0	0	0	0	7054	0	0	0	0	2	2	0	0	0	0	0	0	0	0	0	0	0	0	0	0	0	0	0	0	0	4
0	0	0	0	0	0	0	17967	0	0	0	0	3	0	0	0	0	0	0	0	0	0	0	0	0	0	0	0	0	0	3	0	0	10
0	0	0	0	0	0	0	27633	0	0	0	0	0	2	0	0	0	0	0	0	0	0	0	0	0	0	0	0	0	0	4	0	0	1
0	0	0	0	0	0	0	3905	0	0	0	0	0	1	0	0	0	0	0	0	0	0	0	0	0	0	0	0	0	0	2	0	0	1
0	0	0	0	0	0	0	15916	0	0	0	0	6	0	0	0	0	0	0	0	0	0	0	0	0	0	0	0	0	0	2	0	0	8
0	0	0	0	0	0	0	1689	101	0	0	0	0	0	0	0	0	0	0	0	0	0	0	0	0	0	0	0	0	0	0	0	0	0
0	0	0	0	0	0	0	7585	0	0	0	0	1	0	0	0	0	0	0	0	0	0	0	0	0	0	0	0	0	0	2	0	0	2
0	0	0	0	0	0	0	6763	2	0	0	0	5	8	0	0	0	0	0	0	0	0	0	0	0	0	0	0	1	0	0	0	0	12
0	0	0	0	0	0	0	6786	0	0	0	0	1	0	0	0	0	0	0	0	0	0	0	0	0	0	0	0	0	0	2	0	0	6
0	0	0	0	1	1	0	21422	0	0	0	0	4	2	0	0	0	0	0	0	0	0	0	0	0	0	0	0	0	0	2	0	0	22
0	0	0	0	7	0	0	10328	1	0	0	0	26191	22	0	0	0	0	0	0	0	0	0	0	0	1	0	1	0	25	32	0	0	83902
1	6	1	0	0	0	0	6938	1682	0	0	0	0	0	2	0	0	0	0	0	0	0	0	0	0	0	0	0	0	0	0	0	0	1
0	0	0	0	0	0	0	3840	0	0	0	0	0	0	0	0	0	0	0	0	0	0	0	0	0	0	0	0	0	0	4	0	0	0
0	0	0	0	1	0	0	17615	126	0	0	0	10	0	0	0	0	0	0	0	0	0	0	0	0	0	0	0	0	2	5	0	0	25
0	0	0	0	2	0	0	32225	10	0	0	0	7	0	0	2	0	0	0	0	0	0	0	0	0	0	0	0	2	0	16	0	0	21
0	0	0	0	2	0	0	17729	0	0	0	0	8	2	0	0	0	0	0	0	0	0	0	0	0	0	0	1	0	0	4	0	0	32
0	0	0	0	0	2	0	18275	0	0	0	0	18	0	0	0	0	0	0	0	0	0	0	0	0	0	0	1	0	2	2	2	0	73
0	0	0	0	0	0	0	4675	0	0	0	0	0	0	0	0	0	0	0	0	0	0	0	0	0	0	0	0	0	0	0	0	0	0
0	0	0	0	4	0	0	13489	4	0	0	0	2	4	0	0	0	0	0	0	0	0	0	0	0	0	0	0	0	0	0	0	0	3
0	0	0	0	0	0	0	23602	0	0	0	1	6	0	0	0	0	0	0	0	0	0	0	0	0	0	0	1	0	2	0	0	0	27
0	0	0	0	0	0	0	12820	0	0	0	0	1	0	0	0	0	0	0	0	0	0	0	0	0	0	0	0	0	0	2	0	0	1
0	0	0	0	0	0	0	4502	0	0	0	0	0	0	0	0	0	0	0	0	0	0	0	0	0	0	0	0	0	0	1	0	0	0
0	0	0	0	0	0	0	18350	0	0	0	0	12	0	0	0	0	0	0	0	0	0	0	0	0	1	0	0	0	1	3	0	0	32
0	0	0	0	0	0	0	15434	19	0	0	0	5	0	0	0	0	0	0	0	0	0	0	0	0	0	0	2	1	2	0	1	0	13
1	0	0	0	0	0	0	20590	0	0	0	1	27	0	0	0	0	0	0	0	0	0	0	0	0	0	0	0	0	0	0	0	0	114
0	0	0	0	0	0	0	24242	0	0	0	0	2	3	0	0	0	0	0	0	0	0	0	0	0	0	0	0	0	0	2	0	0	5
0	0	0	0	2	0	0	11295	2	0	0	0	45	0	0	0	0	0	0	0	0	0	0	0	0	0	0	0	0	0	0	0	0	64
0	0	0	0	0	0	0	20723	0	0	0	0	30	0	1	0	0	0	0	0	0	0	0	0	0	0	0	0	0	0	0	1	0	86
0	0	0	0	0	0	0	15304	0	0	0	1	107	2	0	0	0	0	0	0	0	0	0	0	0	0	0	0	0	0	3	0	1	346
0	0	0	0	1	0	0	26925	0	0	0	0	0	2	0	0	0	0	0	0	0	0	0	0	0	0	0	0	0	0	2	0	0	2
0	0	0	0	2	0	0	15273	0	0	0	0	1	0	0	0	0	0	0	0	0	0	0	0	0	0	0	0	0	0	0	0	0	3
0	0	0	0	2	0	0	22310	0	0	0	0	1	4	0	0	0	0	0	0	0	0	0	0	0	0	0	0	0	0	0	0	0	5
0	0	0	0	0	0	0	14004	0	0	0	0	24	2	0	0	0	0	0	0	0	0	0	0	0	0	0	0	1	0	0	0	0	69
0	0	0	0	0	0	0	26072	1	0	0	0	7	0	0	0	0	0	0	0	0	0	0	0	0	0	0	0	0	0	4	1	0	16
0	0	0	0	0	0	0	13001	0	0	0	0	2	0	0	0	0	0	0	0	0	0	0	0	0	0	0	0	1	0	0	0	0	3
0	0	0	0	2	0	0	33549	0	0	0	1	2	0	0	0	0	0	0	0	0	0	0	0	0	0	0	0	0	0	0	0	0	4
0	0	0	0	0	0	0	6391	0	0	0	0	0	0	0	0	0	0	0	0	0	0	0	0	0	0	0	0	0	0	0	0	0	1
0	0	0	0	0	0	0	28029	0	0	0	0	2	2	0	0	0	0	0	0	0	0	0	0	0	0	0	0	0	0	4	0	0	3
0	0	0	0	0	0	0	4047	0	0	0	0	0	0	0	0	0	0	0	0	0	0	0	0	0	0	0	0	0	0	2	0	0	0
0	0	0	0	0	0	0	21601	0	0	0	0	1	2	0	0	0	0	0	0	0	0	0	0	0	0	0	0	0	0	1	0	0	4
0	0	0	0	0	0	0	19982	1	0	0	0	3	2	0	0	0	0	0	0	0	0	0	0	0	0	0	0	0	0	11	0	0	7
0	0	0	0	0	0	0	21978	1	0	0	0	1	0	0	0	0	0	0	0	0	0	0	0	0	0	0	0	0	0	0	0	0	3
0	0	0	0	0	0	0	7367	0	0	0	0	0	0	0	0	0	0	0	0	0	0	0	0	0	0	0	0	0	0	6	0	0	1
0	0	0	0	0	0	0	4002	0	0	0	0	1	0	0	0	0	0	0	0	0	0	0	0	0	0	0	0	0	0	0	0	0	3
0	0	0	0	0	0	0	2946	0	0	0	0	0	0	0	0	0	0	0	0	0	0	0	0	0	0	0	0	0	0	0	0	0	0
0	0	0	0	0	0	0	17529	2	0	0	0	1	0	0	0	0	0	0	0	0	0	0	0	0	0	0	0	0	0	1	0	0	5
0	0	0	0	0	0	0	25900	0	0	1	0	5	2	0	0	0	0	0	0	0	0	0	0	0	0	0	0	0	0	2	0	0	12
0	0	0	0	0	0	0	20678	0	0	2	0	8	2	0	0	0	0	0	0	0	0	0	0	0	1	0	0	0	0	4	0	0	19
0	0	0	0	0	0	0	16127	0	0	0	0	19	2	0	0	0	0	0	0	0	0	0	0	0	0	0	1	0	1	0	0	0	71
0	0	0	0	0	0	0	3122	0	0	0	0	0	0	0	0	0	0	0	0	0	0	0	0	0	0	0	0	0	0	0	0	0	0
0	0	0	0	0	0	0	19836	1	0	0	0	1	0	0	0	0	0	0	0	0	0	0	0	0	0	0	0	0	0	0	0	0	4
0	0	0	0	0	0	0	17239	0	0	0	0	15	0	0	0	0	0	0	0	0	0	0	0	0	0	0	0	0	1	13	1	0	51
0	0	0	1	0	0	0	17431	0	0	0	0	11	0	0	0	0	0	0	0	0	0	0	0	0	0	0	0	0	0	4	0	0	38
0	0	0	0	3	1	0	17031	0	0	0	0	6711	8	0	0	0	0	0	0	0	0	0	0	0	0	0	0	1	1	1	0	0	21711
0	0	7	0	20	0	0	7689	0	0	0	0	11616	39	2	2	0	0	0	1	2	8	4	1	0	5	0	2	2	33	675	0	2	41634
0	0	0	0	4	0	0	6957	0	0	0	0	1741	8	0	0	0	0	0	0	1	0	0	0	0	0	0	0	2	1	10	0	0	6925
0	0	1	0	4	0	0	17834	0	0	1	0	825	2	0	1	0	0	0	0	0	0	1	0	0	1	0	3	0	1	94	0	0	2519
0	0	0	0	30	0	0	7766	0	0	0	0	5818	68	0	6	0	0	0	0	0	0	0	0	0	4	0	0	2	103	882	0	1	22695
0	0	0	0	0	0	0	5195	0	0	0	0	128	9	0	0	0	0	0	0	0	0	0	1	0	0	0	0	2	75	8	1	1	1137
0	0	0	0	0	0	0	25998	0	0	0	0	3	0	0	0	0	0	0	0	0	0	0	0	0	0	0	0	0	2	0	0	0	15
0	0	0	0	2	0	0	18091	0	0	0	0	4	0	0	0	0	0	0	0	0	0	0	0	0	0	0	0	1	0	4	0	0	9
0	0	0	0	2	1	0	23150	0	0	0	0	1	1	0	0	0	0	0	0	0	0	0	0	0	0	0	0	0	0	1	1	0	5
1	0	0	0	2	0	0	3368	0	0	0	2	73	6	0	0	0	0	0	0	0	0	0	0	0	0	0	0	0	46	6	0	1	254
0	0	0	0	0	0	0	3179	0	0	0	0	50	0	0	0	0	0	0	0	0	0	0	0	0	0	0	0	0	0	0	0	0	100
0	0	0	0	2	0	0	12892	1	0	0	0	6057	0	0	0	0	0	0	0	0	0	0	0	0	0	0	1	0	12	4	0	0	21904
0	0	0	0	9	2	0	12658	0	0	0	1	1309	16	0	1	0	0	0	0	0	0	0	0	0	2	1	1	6	0	94	0	1	5223
0	0	0	0	0	0	0	24213	0	0	2	0	10	4	0	0	0	0	0	0	0	0	0	0	0	0	0	0	0	0	6	0	1	26
0	0	0	0	0	0	0	26374	12	0	0	0	60	2	0	0	0	0	0	0	0	0	0	0	0	0	0	0	0	0	4	3	0	190
0	0	0	0	6	1	0	25577	0	0	0	0	183	0	0	0	0	0	0	0	0	3	0	1	0	0	0	0	0	1	7	0	1	560
0	0	0	0	4	0	0	32251	0	0	0	0	123	2	0	0	0	0	0	0	0	0	0	0	0	0	0	0	0	0	11	0	0	341
0	0	0	0	0	0	0	5802	0	0	0	0	2	0	0	0	0	0	0	0	0	0	0	0	0	0	0	0	0	0	0	0	0	4
0	0	0	0	17	0	0	18264	27	0	0	0	23	4	0	0	0	0	0	0	0	0	0	0	0	0	0	0	0	0	19	0	0	62
0	0	0	0	0	0	0	23648	0	0	0	0	28	0	0	0	0	0	0	0	0	0	0	0	0	0	0	0	0	0	0	0	0	110
0	0	0	0	0	0	0	26617	0	0	0	0	2	0	0	0	0	0	0	0	0	0	0	0	0	0	0	2	0	1	0	0	1	4
0	0	0	0	0	0	0	33471	1	0	0	0	3	0	0	0	0	0	0	0	0	0	0	0	0	0	0	0	0	0	0	1	0	10
0	0	0	0	0	0	0	26702	0	0	0	0	4	8	0	0	0	0	0	0	0	0	0	0	0	0	0	1	0	0	2	0	0	13
0	0	0	0	0	0	0	7764	0	0	0	0	2	0	0	0	0	0	0	0	0	0	0	0	0	0	0	0	0	0	0	0	0	1
0	0	0	0	0	0	0	19366	0	0	0	0	6	0	0	2	0	0	0	0	0	0	0	0	0	0	0	0	0	0	2	0	0	13
0	0	0	0	0	0	0	24063	0	0	0	0	2	0	0	0	0	0	0	0	0	0	0	0	0	0	0	0	1	0	0	0	0	10
0	0	0	0	0	0	0	5395	0	0	0	0	0	0	0	0	0	0	0	0	0	0	0	0	0	0	0	0	0	0	0	0	0	1
0	0	0	0	0	0	0	24063	0	0	0	0	2	0	0	0	0	0	0	0	0	0	0	0	0	0	0	0	1	0	0	0	0	10
0	0	0	0	0	0	0	6640	0	0	0	0	1	0	0	0	0	0	0	0	0	0	0	0	0	0	0	0	0	0	0	0	0	1
0	0	0	0	0	0	0	3560	0	0	0	0	1	0	0	0	0	0	0	0	0	0	0	0	0	0	0	0	0	0	2	0	0	1
0	0	0	0	0	0	0	6274	0	0	0	0	1	0	0	0	0	0	0	0	0	0	0	0	0	0	0	0	0	0	0	0	0	1
0	0	0	0	0	0	0	19015	2	0	0	0	0	3	0	0	0	0	0	0	0	0	0	0	0	0	0	0	0	0	4	0	0	3
0	0	0	0	0	0	0	5183	0	0	0	0	1	0	0	0	0	0	0	0	0	0	0	0	0	0	0	0	0	0	0	0	0	2
0	0	0	0	0	0	0	4036	0	0	0	0	0	0	0	0	0	0	0	0	0	0	0	0	0	0	0	0	0	0	3	0	0	2
0	0	0	0	0	0	0	4839	0	0	0	0	0	4	0	0	0	0	0	0	0	0	0	0	0	0	0	0	0	0	2	0	0	2
0	0	0	0	2	0	0	23937	1	0	0	0	2	4	0	0	0	0	0	0	0	0	0	0	0	0	0	0	0	0	0	0	0	8
0	0	0	0	1	1	0	19074	0	0	0	1	155	4	0	0	0	0	0	0	0	0	0	0	0	0	0	0	0	2	0	0	1	652
0	0	0	0	0	0	0	24498	0	0	0	0	4	2	0	0	0	0	0	0	0	0	0	0	0	0	0	0	0	0	1	0	0	10
0	0	0	0	0	0	0	24498	0	0	0	0	4	2	0	0	0	0	0	0	0	0	0	0	0	0	0	0	0	0	1	0	0	10
0	0	0	0	0	0	0	19820	0	0	0	0	4	0	0	0	0	0	0	0	0	0	0	0	0	0	0	0	0	0	2	0	0	5
0	0	0	0	0	0	0	3706	0	0	0	0	0	2	0	0	0	0	0	0	0	0	0	0	0	0	0	0	0	0	4	0	0	0
0	0	0	0	0	0	0	23176	2	0	0	0	1	2	0	0	0	0	0	0	0	0	0	0	0	0	0	1	0	0	8	0	0	6
0	0	0	0	0	0	0	27186	0	0	0	0	3	0	0	0	0	0	0	0	0	0	0	0	0	0	0	0	0	0	2	1	0	13
0	0	0	0	0	0	0	7910	4	0	0	0	0	0	0	0	0	0	0	0	0	0	0	0	0	0	0	0	0	0	2	0	0	0
0	0	0	0	0	0	0	28735	0	0	2	0	3	0	0	0	0	0	0	0	0	0	0	0	0	0	0	1	0	0	6	0	0	12
0	0	0	0	0	0	0	11796	0	0	0	0	1	0	0	0	0	0	0	0	0	0	0	0	0	0	0	0	0	0	0	2	1	2
0	0	0	0	0	0	0	23890	0	0	0	0	4	1	0	0	0	0	0	1	0	0	0	0	0	0	0	2	0	1	0	0	0	10
0	0	0	0	0	0	0	5840	0	0	0	0	0	0	0	0	0	0	0	0	0	0	0	0	0	0	0	0	0	0	0	0	0	0
0	0	0	0	0	0	0	3154	0	0	0	0	1	0	0	0	0	0	0	0	0	0	0	0	0	0	0	0	0	0	0	0	0	3
0	0	0	0	3	0	0	12509	0	0	0	1	4	0	0	0	0	0	0	0	0	0	0	0	0	0	0	2	0	1	6	0	0	7
0	0	0	0	0	0	0	28634	0	0	0	0	6	2	0	0	0	0	0	0	0	0	0	0	0	0	0	0	0	0	0	0	0	23
0	0	0	0	0	1	0	34599	0	0	0	0	5	0	0	0	0	0	0	0	0	0	0	0	0	0	0	0	1	0	4	0	0	14
0	0	0	0	2	0	0	6326	0	0	0	0	1	4	0	0	0	0	0	0	0	0	0	0	0	0	0	0	0	0	12	0	0	2
0	0	0	0	2	0	0	16527	0	0	0	0	3	0	0	0	0	0	0	0	0	0	0	0	0	0	0	0	0	0	3	1	0	8
0	0	0	0	0	0	0	17004	0	0	0	0	1	0	0	0	0	0	0	0	0	2	0	0	0	0	0	0	0	0	4	0	0	3
0	0	0	0	0	0	0	33976	0	0	0	0	19	0	0	0	0	0	0	0	0	0	0	0	0	0	0	1	0	0	0	0	0	49
0	0	0	0	0	0	0	4986	0	0	0	0	0	2	0	0	0	0	0	0	0	0	0	0	0	0	0	0	0	0	6	0	0	1
0	0	0	0	2	0	0	20611	1	0	0	0	1079	7	0	2	0	0	0	0	0	0	0	0	0	2	0	0	0	0	2	0	1	2238
0	0	0	0	0	0	0	15937	0	0	0	0	1	2	0	0	0	0	0	2	0	0	0	0	0	0	0	0	0	0	0	0	0	2
0	1	0	0	0	0	0	21134	2	0	0	0	2	0	0	0	0	0	0	0	0	0	0	0	0	0	0	0	0	0	2	0	1	4
0	0	0	0	2	0	0	28844	0	0	0	0	3	2	0	0	0	0	0	0	0	0	0	0	0	0	0	0	0	0	2	0	0	12
0	0	0	1	0	0	0	24009	2	0	0	0	3	0	0	0	0	0	0	0	0	0	0	0	0	0	0	0	0	1	0	0	0	8
0	0	0	0	0	0	0	18558	0	0	0	0	5	0	0	1	0	0	0	0	0	0	0	0	0	0	0	1	0	0	6	0	0	17
0	2	0	0	21	2	0	5384	1	0	0	0	250	96	0	0	0	0	0	1	1	0	1	1	0	0	0	2	0	1361	20	1	0	908
0	0	0	0	0	0	0	4582	0	0	0	0	1	0	0	0	0	0	0	0	0	0	0	0	0	0	0	0	0	0	0	0	0	2
0	0	0	0	0	0	0	20828	0	0	0	0	2	2	0	0	0	0	0	0	0	0	0	0	0	0	0	0	0	0	4	0	0	1
0	0	0	0	0	0	0	5705	0	0	0	0	0	0	0	0	0	0	0	0	0	0	0	0	0	0	0	0	0	0	2	0	0	2
0	0	0	0	0	0	0	21463	0	0	0	0	0	2	0	0	0	0	0	0	0	0	0	0	0	0	0	0	1	0	3	0	0	1
0	0	0	0	0	0	0	23784	0	0	0	0	4	2	0	0	0	0	0	0	0	0	0	0	0	0	0	0	0	0	0	0	0	6
0	0	0	0	0	0	0	15450	1	0	0	0	1	0	0	0	0	0	0	0	0	0	0	0	0	0	0	0	0	0	0	0	0	4
0	0	0	0	0	0	0	7586	0	0	0	0	0	0	0	0	0	0	0	0	0	0	0	0	0	0	0	0	0	0	0	0	0	2
0	0	0	0	0	0	0	16730	4	0	0	0	1	4	0	0	0	0	0	0	0	0	0	0	0	0	0	0	0	0	2	0	0	3
0	0	0	0	0	0	0	5727	0	0	0	0	1	0	0	0	0	0	0	0	0	0	0	0	0	0	0	0	0	0	0	0	0	1
0	0	0	0	0	0	0	22754	0	0	0	0	11	0	0	0	0	0	1	0	0	0	0	0	0	0	0	0	0	0	4	0	0	29
0	0	0	0	0	0	0	20119	0	0	0	0	12	1	0	0	0	0	0	0	0	0	0	0	0	0	0	0	0	0	0	0	0	55
0	0	0	0	0	1	0	22668	0	0	0	0	2	2	0	0	0	0	0	0	0	0	0	0	0	0	0	0	0	0	4	0	0	5
0	0	0	0	0	0	0	32042	0	0	0	0	1	2	0	0	0	0	0	0	0	0	0	0	0	0	0	0	0	0	0	0	0	4
0	0	0	0	0	0	0	18629	0	0	0	0	9	0	0	0	0	0	0	0	0	0	0	0	0	0	0	0	0	0	0	0	0	21
0	0	0	0	2	0	0	46271	0	0	0	0	1	1	0	0	0	0	0	0	0	0	0	0	0	0	0	1	0	1	0	0	0	2
0	0	0	0	0	0	0	3217	0	0	0	0	0	0	0	0	0	0	0	0	0	0	0	0	0	0	0	0	0	0	0	0	0	0
0	0	0	0	0	0	0	21261	0	0	0	0	8	2	0	0	0	0	0	0	0	0	0	0	0	0	0	0	0	0	5	0	0	18
0	0	0	0	0	0	0	33172	1	0	0	0	4	0	0	0	0	0	0	0	0	0	0	0	0	0	0	0	0	0	0	0	0	8
0	0	0	0	0	0	0	21106	1	0	0	0	2	2	0	0	0	0	0	0	0	0	0	0	0	0	0	0	0	0	3	0	0	5
0	0	0	0	0	0	0	27201	0	0	0	0	30	0	0	0	0	0	0	0	0	0	0	0	0	0	0	0	0	0	4	0	0	103
0	0	0	0	0	0	0	15229	0	0	0	0	390	0	0	0	0	0	0	0	0	0	0	0	0	0	0	0	0	0	8	1	0	1266
0	0	0	0	0	0	0	19621	0	0	0	0	21	0	0	0	0	0	0	0	0	0	0	0	0	0	0	0	0	0	2	0	0	74
0	5	0	0	0	0	0	6759	0	0	0	0	8550	0	0	0	0	0	0	0	0	0	1	0	0	0	0	0	0	0	0	0	0	32794
0	0	0	0	1	1	0	7089	0	0	0	0	7482	0	0	0	0	0	0	0	0	0	0	0	0	0	0	0	0	1	13	0	1	27147
0	0	0	0	26	0	0	39179	0	0	0	0	12978	127	0	1	0	0	0	0	0	0	0	0	0	0	1	1	0	9	90	1	1	44589
0	0	0	0	12	0	0	13737	0	0	0	0	66056	34	0	0	1	0	0	0	0	0	0	0	0	0	0	2	0	3	3	0	0	178696
0	0	0	0	0	0	0	11182	0	0	0	0	358	1	0	0	0	0	0	0	0	0	0	0	0	0	0	1	0	23	2	0	0	1456
0	0	0	0	0	1	0	13580	0	0	0	0	1	1	0	0	0	0	0	0	0	0	0	0	0	0	0	0	1	0	1	0	1	2
0	0	0	0	0	0	0	15762	0	0	0	0	0	0	0	0	0	0	0	0	0	0	0	0	0	0	0	0	0	0	0	0	0	1
0	0	0	0	2	0	0	17546	0	0	0	0	34	4	0	0	0	0	0	0	0	0	0	0	0	0	0	0	0	0	6	0	1	82
0	0	0	0	0	2	0	16789	1	0	0	0	1	0	0	0	0	0	0	0	0	0	0	1	0	0	0	0	0	0	5	0	0	1
0	0	0	0	1	0	0	14563	0	0	1	0	6261	0	0	0	0	0	0	0	0	0	1	1	0	0	0	0	0	0	16	1	1	16573
0	0	0	0	4	0	0	12939	0	0	0	0	0	4	0	0	0	0	0	0	0	0	0	0	0	0	0	0	0	0	1	0	1	1
0	0	0	0	0	1	0	21161	0	0	0	0	0	0	0	0	0	0	0	0	0	0	0	0	0	0	0	0	0	0	1	0	1	0
0	0	0	0	0	1	0	14306	0	0	0	0	1	0	0	0	0	0	0	0	0	2	0	0	0	0	0	0	0	0	2	1	1	3
0	0	0	0	2	0	0	15754	0	0	0	0	10	0	0	0	0	0	0	0	0	0	0	0	0	0	0	0	0	0	0	0	0	41
0	0	0	0	1	0	0	16036	0	0	0	0	1	4	0	0	0	0	0	0	0	0	0	0	0	0	0	0	0	1	0	0	0	4
0	0	0	0	2	0	0	25696	0	0	0	0	3	11	0	0	0	0	0	0	0	0	0	0	0	0	0	0	0	0	0	0	0	11
0	0	0	0	2	0	0	34088	0	0	0	0	10	2	0	0	0	0	0	0	0	0	0	0	0	0	0	0	0	0	2	1	0	42
0	1	0	0	0	0	0	22461	0	0	0	0	5	8	0	0	0	0	0	0	0	0	0	0	0	0	0	0	0	0	4	0	0	17
0	0	0	0	2	0	0	28866	0	0	0	0	338	0	0	0	0	0	0	0	0	0	0	0	0	0	0	0	0	0	2	0	0	1143
0	0	0	0	0	0	0	22810	0	0	0	0	1	4	0	0	0	0	0	0	0	0	0	0	0	0	0	0	0	0	6	1	0	6
0	0	0	0	0	0	0	18277	0	0	0	0	0	0	0	0	0	0	0	0	0	0	0	0	0	0	0	0	0	1	23	0	1	0
0	0	0	0	2	0	0	9228	0	0	0	0	9	0	0	0	0	0	0	0	1	0	0	0	0	0	0	1	0	0	5	0	0	26
0	0	0	0	0	0	0	17672	0	0	0	0	0	2	0	0	0	0	0	0	0	0	0	0	0	0	0	0	0	0	0	0	0	0
0	0	0	0	1	0	0	18280	1	0	0	0	38	2	0	0	0	0	0	0	0	0	0	0	0	0	0	1	0	0	2	0	0	106
0	0	0	0	0	0	0	4792	0	0	0	0	17	0	0	0	0	0	0	0	0	0	0	0	0	0	0	0	0	0	0	0	0	39
0	0	0	0	0	0	0	4792	0	0	0	0	17	0	0	0	0	0	0	0	0	0	0	0	0	0	0	0	0	0	0	0	0	39
0	0	0	0	0	0	0	15007	0	0	0	0	5	0	0	0	0	0	0	0	0	0	0	0	0	0	0	0	0	0	1	0	0	10
0	0	0	0	0	0	0	4772	0	0	0	0	0	0	0	0	0	0	0	0	0	0	0	0	0	0	0	0	0	0	2	0	0	1
0	0	0	0	0	0	0	11994	0	0	0	0	3	4	0	0	0	0	0	0	0	0	0	0	0	0	0	0	0	0	0	1	0	5
0	0	0	0	0	0	0	15789	0	0	2	1	10	3	0	0	0	0	0	0	0	0	0	0	0	0	0	1	0	0	4	0	0	37
0	0	0	0	3	0	0	13591	0	0	0	0	11	0	0	0	0	0	0	0	0	0	0	0	0	0	0	0	0	2	5	0	0	37
0	9	0	0	0	1	0	27348	3161	0	0	0	6	4	3	0	0	0	0	0	0	0	0	0	0	0	0	2	0	0	4	0	0	26
0	0	0	0	0	0	0	17439	0	0	0	0	8	0	0	0	0	0	0	0	0	0	0	0	0	0	0	0	0	2	2	1	0	19
0	0	0	0	0	0	0	14332	0	0	0	0	3	0	0	0	0	0	0	0	0	0	0	0	0	0	0	0	0	0	6	0	0	11
0	0	0	0	0	0	0	19349	0	0	1	0	11	0	0	0	0	0	0	0	0	0	0	0	0	0	0	0	0	0	0	0	0	31
0	0	0	0	0	0	0	5547	0	0	0	0	2	0	0	0	0	0	0	0	0	0	0	0	0	0	0	0	0	0	0	0	0	12
0	0	0	0	0	0	0	17379	0	0	0	0	1	0	0	0	0	0	0	0	0	1	0	0	0	0	0	0	0	0	0	0	0	5
0	0	0	0	0	0	0	15794	0	0	0	0	4	2	0	0	0	0	0	0	0	0	0	0	0	0	0	0	0	0	0	0	0	12
0	2	0	0	0	0	0	7217	314	0	0	0	0	0	0	0	0	0	0	0	0	0	0	0	0	0	0	0	0	0	0	0	0	2
0	0	0	0	0	0	0	5149	0	0	0	0	0	0	0	0	0	0	0	0	0	0	0	0	0	0	0	0	0	0	2	0	0	1
0	0	0	0	4	0	0	14037	2	0	0	0	3	0	0	0	0	0	0	0	0	0	0	0	0	0	0	0	0	0	2	0	0	9
0	0	0	0	0	0	0	19761	0	0	0	0	146	2	1	0	0	0	0	0	0	1	0	0	0	0	0	1	0	0	0	0	0	381
0	0	0	0	0	0	0	15698	0	0	0	0	76	0	0	0	0	0	0	0	0	0	0	0	0	0	0	0	0	0	0	0	1	178
0	0	0	0	0	0	0	25549	1	0	0	0	96	0	0	0	0	0	0	0	0	0	0	0	0	0	0	0	0	0	0	0	0	220
0	0	0	0	2	0	0	11678	0	0	2	0	79	0	0	0	0	0	0	0	0	0	0	0	0	0	0	0	0	0	1	0	0	173
0	0	0	0	0	0	0	14710	0	0	0	0	336	0	0	0	0	0	0	0	0	0	0	0	0	0	0	0	0	1	2	0	0	1144
0	0	0	0	2	0	0	22520	0	0	0	0	1	1	0	0	0	0	0	0	0	0	0	0	0	0	0	0	0	0	0	0	0	2
0	0	0	0	0	0	0	10061	0	0	0	0	1	0	0	0	0	0	0	0	0	0	0	0	0	0	0	0	0	0	4	0	0	1
0	0	0	0	0	0	0	18756	0	0	0	0	70	0	0	0	0	0	1	0	0	0	0	0	0	0	0	1	0	2	2	0	1	200
0	0	0	0	1	0	0	18464	0	0	1	0	4	0	0	0	0	0	0	0	0	0	0	0	0	0	0	2	0	1	0	0	0	12
0	0	0	0	0	1	0	21869	0	0	0	0	365	0	0	0	0	0	0	0	0	0	0	0	0	0	0	1	0	1	4	0	0	1263
0	0	0	0	0	1	0	29121	1	0	0	0	5	0	0	0	0	0	0	0	0	0	0	0	1	0	0	0	0	0	0	1	0	20
0	0	0	0	0	0	0	13379	0	0	0	0	2	0	0	0	0	0	0	0	0	0	0	0	0	0	0	0	0	0	0	0	0	2
0	0	0	0	0	0	0	20803	0	0	0	0	10	0	0	0	0	0	0	0	0	0	0	0	0	0	0	0	0	1	2	0	0	20
0	0	0	0	0	0	0	22078	0	0	0	0	447	0	0	0	0	0	0	0	0	0	0	0	0	0	0	0	0	0	0	1	1	1489
0	0	0	0	0	0	0	18329	1	0	0	0	12	0	0	0	0	0	0	0	0	0	0	0	0	0	0	0	0	0	0	1	0	44
0	0	0	0	0	0	0	25893	0	0	0	0	3	0	0	0	0	0	0	0	0	0	0	0	0	0	0	0	0	0	0	0	0	7
0	0	0	0	0	0	0	23829	0	0	0	0	5	0	0	0	0	0	0	0	0	0	0	0	0	0	0	0	0	0	2	1	0	16
0	0	0	0	0	0	0	18183	0	0	0	0	2	2	0	0	0	0	0	0	0	0	0	0	0	0	0	0	0	0	0	0	0	6
0	0	0	0	0	0	0	4522	0	0	0	0	0	0	0	0	0	0	0	0	0	0	0	0	0	0	0	0	0	0	4	0	0	0
0	0	0	0	0	0	0	19194	0	0	0	0	9	2	0	0	0	0	0	0	0	0	0	0	0	0	0	0	0	0	0	0	0	22
0	0	0	0	0	0	0	6909	0	0	0	0	2	0	0	0	0	0	0	0	0	0	0	0	0	0	0	0	0	0	2	0	0	5
0	0	0	0	2	0	0	16729	0	0	0	0	8	1	0	0	0	0	0	0	0	0	0	0	0	0	0	0	0	0	0	0	0	22
0	0	0	0	0	0	0	5575	0	0	0	0	11	0	0	0	0	0	0	0	0	0	0	0	0	0	0	0	0	0	3	0	0	22
0	0	0	0	49	2	0	18152	0	0	0	0	23079	184	0	0	0	0	0	0	0	0	0	1	0	0	0	2	0	0	55	1	2	61914
0	0	0	0	0	0	0	4719	0	0	0	0	0	0	0	0	0	0	0	0	0	1	0	0	0	0	0	0	0	1	1	1	1	2
0	0	0	0	0	0	0	22329	1	0	0	0	4	0	0	0	0	0	0	0	0	0	0	0	0	0	0	1	0	0	3	0	0	8
0	0	0	0	0	0	0	15584	0	0	0	2	1473	4	0	0	0	0	0	0	0	0	0	0	0	0	0	0	0	0	0	0	1	3848
0	0	0	0	2	0	0	10688	0	0	0	0	0	0	0	0	0	0	0	0	0	0	0	0	0	0	0	0	0	0	0	0	0	3
0	0	0	0	0	0	0	8539	0	0	0	0	6369	0	0	0	0	0	0	0	0	0	0	0	0	0	0	0	0	0	0	0	0	16906
0	0	0	0	0	0	0	4663	0	0	0	0	15280	0	0	0	0	0	0	0	0	0	0	0	0	0	0	1	1	1	0	0	0	42413
0	0	0	0	0	0	0	3996	0	0	0	0	198	0	0	0	0	0	0	0	0	0	0	0	0	0	0	0	0	0	0	0	0	537
0	0	0	0	0	0	0	13214	0	0	0	0	1741	0	0	0	0	0	0	0	0	0	0	0	0	0	0	0	0	0	2	0	0	4122
0	0	0	0	0	1	0	22912	0	0	0	0	0	1	0	0	0	0	0	0	0	0	0	0	0	0	0	0	0	2	4	0	0	1
0	0	0	0	0	2	0	7569	0	0	0	0	8	0	0	0	0	0	0	0	0	0	0	0	0	0	0	0	0	3	6	0	0	17
0	0	0	0	2	0	0	14504	0	0	0	0	683	0	0	0	0	0	0	0	1	0	0	0	0	0	0	0	0	0	4	0	0	1423
0	0	0	0	0	0	0	13184	0	0	1	0	193	1	0	0	0	0	0	0	0	0	0	0	0	0	0	0	0	1	6	0	0	390
0	0	0	0	0	0	0	8059	0	0	0	0	366	0	0	0	0	0	0	0	0	0	0	0	0	0	0	0	0	0	4	0	0	788
0	0	0	0	2	0	0	11760	0	0	0	0	60	0	0	0	0	0	0	0	0	0	0	0	0	0	0	0	0	0	2	0	0	168
0	0	0	0	0	0	0	14249	1	0	0	0	4	0	0	0	0	0	0	1	0	0	0	0	0	0	0	0	0	0	12	0	0	11
0	0	0	0	0	0	0	12468	0	0	0	0	22	0	0	2	0	0	0	0	0	0	0	0	0	0	0	0	0	0	0	0	1	71
0	0	0	0	0	0	0	9390	1	0	0	1	789	0	0	0	0	0	0	0	0	0	0	0	0	0	0	0	0	0	1	0	0	1934
0	0	0	0	0	0	0	7825	0	0	0	0	7817	0	0	0	0	0	0	0	0	0	0	0	0	0	0	0	0	2	5	0	1	16301
0	0	0	0	6	0	0	4760	0	0	0	0	11658	6	1	0	0	0	0	0	1	0	0	0	0	0	0	0	0	23	20	0	0	33996
0	0	0	0	0	0	0	9416	0	0	0	0	43	0	0	0	0	0	0	0	0	0	0	0	0	0	0	0	0	0	2	0	0	96
0	0	0	0	3	0	0	14889	0	0	0	0	252	0	0	0	0	0	0	0	0	0	0	0	0	0	0	0	0	0	2	0	0	520
0	0	0	0	3	0	0	7458	0	0	0	0	10880	0	0	0	0	0	0	0	0	0	0	0	0	0	0	1	0	0	2	0	1	25900
0	0	0	0	0	0	0	10317	2	0	0	0	39	0	0	0	0	0	0	0	0	0	0	0	0	0	0	0	0	0	2	0	0	74
0	0	0	0	0	0	0	6796	0	0	0	0	37	0	0	0	0	0	0	0	0	0	0	0	0	0	0	0	0	0	1	0	0	104
0	0	0	0	0	0	0	7207	0	0	0	0	3	2	0	0	0	0	0	0	0	0	0	0	0	0	0	0	0	0	0	0	0	8
0	0	0	0	0	0	0	4933	0	0	0	0	3	0	0	0	0	0	0	0	0	0	0	0	0	0	0	0	0	0	0	0	0	6
0	0	0	0	0	1	0	5263	0	0	0	1	34167	2	0	0	0	0	0	1	0	0	0	0	0	2	0	0	0	1	20	0	1	73022
0	0	0	0	0	0	0	5381	1	0	0	0	4	0	0	0	0	0	0	0	0	0	0	0	0	0	0	0	0	0	2	0	0	7
0	0	0	0	0	0	0	6032	0	0	0	0	12	0	0	0	0	0	0	0	0	0	0	0	0	0	0	0	0	0	2	1	0	44
0	0	0	0	1	0	0	6389	0	0	0	0	246	4	0	0	0	0	0	0	0	0	0	0	0	0	0	1	0	4	4	1	0	830
0	0	0	0	9	0	0	8610	1	0	0	0	581	24	0	0	0	0	0	0	0	0	0	0	0	0	1	0	0	3	0	0	0	1483
0	0	0	0	0	0	0	10440	0	0	0	0	32	0	0	0	0	0	0	0	0	0	0	0	0	0	0	0	0	0	0	0	0	75
0	0	0	0	0	0	0	8071	0	0	0	0	12	4	0	0	0	0	0	0	0	0	0	0	0	0	0	0	0	0	0	0	0	27
0	0	0	0	2	0	0	9313	2	0	0	0	229	0	0	0	0	0	0	0	0	0	0	0	0	0	0	0	0	0	3	0	0	567
0	0	0	0	0	0	0	13617	1	0	0	0	7	1	0	0	0	0	0	0	0	0	0	0	0	0	0	0	0	0	0	1	0	29
0	0	0	0	1	0	0	11330	0	0	0	0	15	2	0	0	0	0	0	0	0	0	0	0	0	0	0	0	0	0	3	0	0	60
0	0	0	0	4	0	0	5089	0	0	0	0	146	4	0	0	0	0	0	0	0	0	0	0	0	1	0	1	0	0	0	0	0	332
0	0	0	0	0	0	0	17230	0	0	0	0	219	0	0	0	0	0	0	0	0	0	0	0	0	0	0	0	0	1	0	0	0	704
0	0	0	0	0	1	0	11837	0	0	0	0	16	0	0	0	0	0	0	0	0	0	0	1	0	0	0	0	0	1	0	0	1	68
0	0	0	0	0	0	0	22839	0	0	0	0	5	6	0	0	0	0	0	0	0	0	0	0	0	0	0	0	0	0	0	0	0	13
0	0	0	0	0	0	0	13979	0	0	0	0	2	0	0	0	0	0	0	0	0	0	0	0	0	0	0	0	0	0	0	0	0	3
0	0	0	0	0	0	0	17200	0	0	0	0	55	0	0	0	0	0	0	0	0	0	0	0	0	0	0	0	0	0	0	0	0	183
0	0	0	0	0	0	0	12717	0	0	0	0	21	8	0	0	0	0	0	0	0	0	0	0	0	0	0	1	0	0	0	0	0	65
0	0	0	0	0	0	0	6874	0	0	0	0	31	0	0	0	0	0	0	0	0	0	0	0	0	0	0	0	0	0	2	0	0	79
0	0	0	0	0	0	0	11913	0	0	0	0	27	0	0	0	0	0	0	0	0	0	0	0	0	0	0	0	0	0	1	0	0	84
2	0	0	0	0	0	0	15164	0	0	0	0	13	0	0	0	0	0	0	0	0	0	0	0	0	0	0	0	0	0	0	0	0	44
0	0	0	0	0	0	0	10274	0	0	1	0	23	0	0	0	0	0	0	0	0	0	0	0	0	0	0	0	0	0	0	0	0	61
0	0	0	0	0	0	0	8091	0	0	0	0	10	0	0	0	0	0	0	0	0	0	0	0	0	0	0	0	0	0	0	0	0	21
0	0	0	0	0	4	0	9212	0	0	0	0	322	4	0	0	0	0	0	0	0	0	5	1	0	0	0	1	0	0	1	10	1	654
0	0	0	0	0	0	0	10288	0	0	0	0	370	0	0	0	0	0	0	0	0	0	0	0	0	0	0	0	0	0	0	1	1	770
0	0	0	0	0	2	0	9521	0	0	0	0	887	0	0	0	0	0	0	0	0	0	0	0	0	0	0	1	0	0	9	0	0	1905
0	0	0	0	2	0	0	11691	0	0	0	1	51	0	0	0	0	0	0	0	0	0	0	0	0	0	0	0	0	0	0	0	0	163
0	0	0	0	2	0	0	6497	0	0	0	0	23	0	0	0	0	0	0	0	0	0	0	0	0	0	0	0	0	0	2	0	0	81
0	0	0	0	0	0	0	10504	0	0	0	0	4	1	0	0	0	0	0	0	0	0	0	0	0	0	0	0	0	0	3	0	0	7
0	0	0	0	0	0	0	12216	0	0	0	0	26	2	0	0	0	0	0	0	0	0	0	0	0	0	0	0	0	1	0	0	0	87
0	0	0	0	0	1	0	13736	0	0	0	0	788	0	0	0	0	0	0	0	0	0	0	0	0	0	0	2	0	0	0	0	0	1718
0	0	0	0	0	0	0	11687	0	0	0	0	17	0	0	0	0	0	0	0	0	0	0	0	0	0	0	0	0	0	6	0	0	56
0	0	0	0	2	0	0	11919	0	0	0	0	1085	0	0	0	0	0	0	0	0	0	0	0	0	0	0	0	0	0	2	0	0	3051
0	0	0	0	0	1	0	13964	0	0	1	0	41	0	0	0	0	0	0	1	0	0	0	0	0	0	0	1	0	0	0	0	0	159
0	0	0	0	0	0	0	9472	0	0	0	0	353	0	0	0	0	0	0	0	0	0	0	0	0	0	0	0	0	1	0	1	0	1046
0	0	0	0	0	0	0	15038	0	0	0	0	63	0	0	0	0	0	0	0	0	0	0	0	0	0	0	0	0	1	0	0	0	197
0	0	0	0	0	0	0	10207	0	0	0	0	7090	0	0	0	0	0	0	0	0	0	0	0	0	0	0	0	0	2	0	0	0	16604
0	0	0	0	0	0	0	11462	0	0	0	0	331	0	0	0	0	0	0	0	0	0	0	0	0	0	0	0	0	1	0	0	0	1180
0	0	0	0	0	0	0	14303	0	0	0	0	382	0	0	0	0	0	0	0	0	0	0	0	0	0	0	0	1	0	0	0	0	916
0	0	0	0	0	0	0	11742	0	0	0	0	3	0	0	0	0	0	0	0	0	0	0	0	0	0	0	0	0	0	0	0	0	6
0	0	0	0	0	0	0	12519	0	0	0	0	4027	0	0	0	0	0	0	0	0	0	0	0	0	0	0	0	0	0	4	0	0	10586
0	0	0	0	2	0	0	13109	0	0	0	0	4	0	0	0	0	0	0	0	0	0	0	0	0	0	0	0	0	0	0	0	0	8
0	0	0	0	0	0	0	17622	0	0	0	0	17	0	0	0	0	0	0	0	0	0	0	0	0	0	0	0	0	0	0	0	0	57
0	0	0	0	0	0	0	17510	0	0	0	0	26	0	0	1	0	0	0	1	0	0	0	0	0	0	0	0	0	1	1	0	0	75
0	0	0	0	0	0	0	13742	0	0	0	0	1	0	0	0	0	0	0	0	0	0	0	0	0	0	0	0	0	0	0	0	0	3
0	0	0	0	0	0	0	15608	0	0	0	0	1884	0	0	0	0	0	0	0	0	0	0	0	0	0	0	1	0	0	0	0	0	4651
0	0	0	0	0	0	0	11178	1	0	0	0	3830	0	0	0	0	0	0	0	0	0	0	0	0	0	0	0	0	0	0	0	0	11189
0	0	0	0	0	0	0	9103	0	0	0	0	1	2	0	0	0	0	0	0	0	0	0	0	0	0	0	0	0	0	0	0	0	2
0	0	0	0	0	0	0	3751	0	0	0	0	1	0	0	0	0	0	0	0	0	0	0	0	0	1	0	0	0	0	2	0	0	4
0	0	0	0	0	0	0	7886	0	0	0	0	673	0	0	0	0	0	0	0	0	0	0	0	0	0	0	0	0	0	0	0	0	1441
0	0	0	0	0	0	0	14286	0	0	0	0	431	0	0	0	0	0	0	0	0	0	0	0	0	0	0	0	0	0	2	0	0	1441
0	0	0	0	0	1	0	9747	0	0	0	0	13	2	0	0	0	0	0	0	0	0	2	0	0	1	0	0	0	0	6	0	0	28
0	0	0	0	0	0	0	7077	1	0	0	0	7	0	0	0	0	0	0	0	0	0	0	0	0	0	0	0	0	0	0	0	0	10
0	0	6	0	0	0	0	7495	0	0	0	0	173	0	0	0	0	0	0	0	0	0	0	0	0	0	0	0	0	0	55	0	0	502
0	0	0	0	0	0	0	8322	1	0	0	0	21	0	0	0	0	0	0	0	0	0	0	0	0	0	0	0	0	0	0	0	0	76
0	0	0	0	0	0	0	7108	0	0	0	0	17067	0	0	0	0	0	0	0	0	0	0	0	0	0	0	0	0	1	1	0	0	47176
0	0	0	0	0	0	0	3869	0	0	0	0	7156	0	0	0	0	0	0	0	0	0	0	0	0	2	0	0	1	0	0	0	0	18922
0	0	0	0	0	0	0	9692	0	0	0	0	70	0	0	0	0	0	0	0	0	0	0	0	0	0	0	0	0	0	0	0	0	178
0	0	0	0	0	0	0	10662	0	0	0	0	21	7	0	0	0	0	0	0	0	0	0	0	0	0	0	0	0	2	6	0	0	66
0	0	0	0	0	0	0	13785	0	0	0	0	5	0	0	0	0	0	0	0	0	0	0	0	0	0	0	0	0	1	4	0	0	23
0	0	0	0	0	0	0	8671	0	0	0	0	1	0	0	0	0	0	0	0	0	0	0	0	0	1	0	0	0	0	0	0	0	7
0	0	0	0	0	0	0	14561	0	0	0	0	7463	0	0	0	0	0	1	0	0	0	0	0	0	0	0	0	0	0	0	0	1	15587
0	0	0	0	0	0	0	2877	0	0	0	0	0	0	0	0	0	0	0	0	0	0	0	0	0	0	0	0	0	0	9	0	0	16
0	0	0	0	0	1	0	10844	0	0	0	0	2023	0	0	0	0	0	0	0	0	0	0	0	0	0	0	0	0	0	6	0	0	4256
0	0	0	0	0	0	0	6135	0	0	0	0	438	0	0	0	0	0	0	0	0	0	0	1	0	0	0	0	0	0	2	0	0	934
0	0	0	0	0	0	0	7432	0	0	0	0	1620	0	0	0	0	0	0	0	0	0	0	1	0	0	0	0	0	0	6	0	0	4184
0	0	0	0	0	0	0	10438	0	0	0	0	675	0	0	0	0	0	0	0	0	0	0	0	0	0	0	0	0	0	2	0	0	1440
0	0	0	0	0	0	0	19477	2	0	0	0	7	0	0	0	0	0	0	0	0	0	0	0	0	0	0	0	0	0	1	0	1	16
0	0	0	0	2	1	0	13270	1	0	0	1	39201	0	0	0	0	0	0	0	0	0	0	0	0	0	0	0	0	1	32	0	1	83931
0	0	0	0	0	0	0	10364	0	0	0	0	654	0	1	0	0	0	0	0	0	0	0	0	0	0	0	2	1	0	0	0	0	1435
0	0	0	0	0	0	0	5274	0	0	0	0	9	0	0	0	0	0	0	0	0	0	0	0	0	0	0	0	0	0	0	0	0	18
0	0	0	0	0	0	0	5348	0	0	0	0	301	0	0	0	0	0	0	0	0	0	0	0	0	0	0	0	0	0	0	0	0	724
0	0	0	0	0	0	0	5810	1	0	0	0	4	0	0	0	0	0	0	0	0	0	0	0	0	0	0	0	0	0	6	1	0	9
0	0	0	0	2	0	0	11770	0	0	0	1	2	2	0	0	0	0	0	0	0	0	0	0	0	0	0	0	0	0	2	0	0	5
0	0	0	0	0	0	0	14562	0	0	0	0	72	0	0	0	0	0	0	0	0	0	0	0	0	0	0	0	0	0	4	0	0	192
0	0	0	0	0	0	1	16317	0	0	0	0	1996	1	0	0	0	0	0	0	0	0	0	0	0	0	0	0	0	1	17	0	0	5047
0	0	0	0	2	1	0	12722	1	0	0	0	25	0	0	0	0	0	0	0	0	0	0	0	0	0	0	1	0	0	5	0	0	59
0	0	0	0	0	0	0	20923	0	0	0	0	8	4	0	0	0	0	0	0	0	0	0	0	0	0	0	0	0	0	0	0	0	36
0	0	0	0	0	0	0	4918	0	0	0	0	19	0	0	0	0	0	0	0	0	0	0	0	0	0	0	0	0	0	6	0	0	46
0	0	0	0	0	0	0	13219	0	0	0	0	7602	1	0	0	0	0	0	0	0	0	0	0	0	0	0	0	0	0	9	0	0	22583
0	0	2	0	0	2	0	18320	0	0	0	0	43	0	0	0	0	0	0	0	0	2	0	0	0	0	0	0	0	0	11	0	0	101
0	0	0	0	4	0	0	1971	0	0	1	0	1372	0	0	0	0	0	0	0	0	0	0	0	0	0	0	0	0	5	12	0	0	4728
0	0	0	0	0	1	0	19016	0	0	0	0	10	0	0	0	0	0	0	0	0	0	0	1	0	0	0	0	0	1	0	0	1	57
0	0	0	0	0	1	0	10896	0	0	0	2	31	0	0	0	0	0	0	0	0	0	0	0	0	0	0	0	0	0	0	1	0	64
0	0	0	0	0	0	0	7855	0	0	0	0	16	0	0	0	0	0	0	0	0	0	0	0	0	0	0	1	0	2	0	1	1	41
1	0	0	0	0	1	0	8833	0	0	0	0	19	0	0	0	0	0	0	0	0	0	0	0	0	0	0	1	0	1	0	0	0	64
0	0	0	0	0	0	0	16716	0	0	0	0	88	0	0	0	0	0	0	0	0	0	0	0	0	0	0	0	0	0	0	0	1	288
0	0	0	0	0	2	0	8944	1	0	0	0	149	0	0	0	0	0	0	0	0	0	0	0	0	0	0	0	0	0	0	0	1	332
0	0	0	0	0	0	0	18283	0	0	0	0	18	0	0	0	0	0	0	0	0	0	0	0	0	0	0	2	0	0	0	0	0	85
0	2	4	0	0	0	0	10568	1	0	0	1	53756	2	0	0	0	0	0	0	0	0	0	1	0	0	0	0	0	2	35	0	0	116457
0	0	0	0	0	1	0	15348	0	0	0	0	7	5	0	0	0	0	0	0	0	0	0	0	0	0	0	0	0	0	0	0	0	38
0	0	0	0	3	0	0	17617	0	0	0	0	3	9	0	0	0	0	0	0	0	0	0	0	0	0	0	0	0	1	0	0	0	8
0	0	0	0	0	0	0	10792	0	0	0	0	12	0	0	0	0	0	0	0	0	0	0	0	0	0	0	1	0	0	4	0	0	37
0	0	0	0	0	0	0	9422	0	0	0	0	4	0	0	0	0	0	0	0	0	0	0	0	0	0	0	0	0	0	2	0	0	14
0	0	0	0	3	0	0	13229	0	0	1	0	299	0	0	0	0	0	0	0	0	0	0	0	0	0	0	0	0	0	2	0	0	680
0	0	0	0	0	0	0	11104	0	0	0	0	725	0	0	0	0	0	0	0	0	0	0	0	0	0	0	0	0	0	2	0	0	1908
0	0	0	0	0	0	0	13273	0	0	0	0	4	8	0	0	0	0	0	0	0	0	0	0	0	0	0	0	0	0	2	0	0	7
0	0	0	0	0	0	0	3959	0	0	0	0	1	0	0	0	0	0	0	0	0	0	0	0	0	0	0	0	0	0	2	0	0	2
0	1	0	0	0	0	0	7567	2	0	0	0	239	11	0	0	0	0	1	0	0	0	0	0	0	0	1	0	0	1	0	0	1	719
0	0	0	0	0	0	0	9030	1	0	0	0	12	0	0	0	0	0	0	0	0	0	0	0	0	0	0	0	0	0	3	1	0	29
0	0	0	0	0	1	0	10491	0	0	0	0	6	2	0	0	0	0	0	0	0	0	0	0	0	0	0	0	0	0	6	0	0	17
0	0	0	0	0	0	0	14814	0	0	0	0	21	0	0	0	0	0	0	0	0	0	0	0	0	0	0	2	0	0	2	1	0	74
0	0	0	0	0	0	0	15493	0	0	0	0	285	0	0	0	0	0	0	0	0	0	0	0	0	0	0	0	0	0	0	0	0	663
0	0	0	1	0	0	0	16239	0	0	0	0	9	0	0	0	0	0	0	0	0	0	0	0	0	0	0	0	0	2	0	1	0	30
0	0	0	0	0	0	0	11700	1	0	0	0	13	0	0	0	0	0	1	0	0	0	0	0	0	0	0	2	0	1	0	0	1	42
0	7	2	0	2	0	0	14710	3341	0	0	0	3	2	2	0	0	0	0	0	0	0	0	0	0	0	1	1	0	0	6	0	0	9
0	0	0	0	0	0	0	11641	5	0	0	0	6	2	0	0	0	0	0	0	0	0	0	0	0	0	0	0	0	0	4	0	0	22
0	0	0	0	0	0	0	13189	0	0	0	0	20	0	0	0	0	0	0	0	0	0	0	0	0	0	0	0	0	0	2	0	0	52
0	0	0	0	0	0	0	10417	0	0	0	0	11	12	0	0	0	0	0	0	0	0	0	0	0	0	0	1	0	2	4	0	0	53
0	0	0	0	0	0	0	9261	0	0	0	0	95	0	0	0	0	0	0	0	0	0	0	0	0	0	0	0	0	0	0	0	0	197
0	0	0	0	0	0	0	11844	2	0	1	0	29	0	0	0	0	0	0	0	0	0	0	0	0	0	0	1	0	0	0	0	0	93
0	0	0	0	0	0	0	8215	0	0	0	0	4	0	0	0	0	0	0	0	0	0	0	0	0	0	0	0	0	0	2	0	0	6
0	0	0	0	0	0	0	13742	1	0	0	0	22	0	0	0	0	0	0	0	0	0	0	0	0	0	0	0	0	5	2	0	0	75
0	0	0	0	0	0	0	10701	2	0	0	0	197	0	0	0	0	0	0	0	0	0	0	0	0	0	0	0	0	0	9	0	0	525
0	0	0	0	0	0	0	9134	0	0	0	0	4	2	0	0	0	0	0	0	0	0	0	0	0	0	0	0	0	0	0	0	0	9
0	0	0	0	0	0	0	22502	0	0	0	0	24	2	0	0	0	0	0	0	0	0	0	0	0	0	0	0	0	1	0	1	0	69
0	0	0	0	0	0	0	6146	0	0	0	0	0	0	0	0	0	0	0	0	0	0	0	0	0	0	0	0	0	1	0	0	0	1
0	0	0	0	0	0	0	18545	1	0	0	1	19	0	0	0	0	0	0	0	0	0	0	0	0	0	0	0	0	1	0	1	0	56
0	0	0	0	0	0	0	10125	0	0	0	0	3483	0	0	0	0	0	0	0	0	0	0	0	0	0	0	0	0	2	0	0	1	7635
0	0	0	0	0	0	0	11695	0	0	2	0	22	2	0	0	0	0	0	0	0	0	1	0	0	0	0	0	0	0	2	0	0	81
0	0	0	0	0	0	0	11031	1	0	0	0	13	0	0	0	0	0	0	0	0	0	0	0	0	0	0	1	0	1	1	0	0	46
0	0	0	0	0	0	0	12166	0	0	0	0	300	1	0	0	0	0	0	0	0	0	0	0	0	0	0	0	0	0	0	1	0	773
0	0	0	0	0	0	0	9947	2	0	0	0	2	0	0	0	0	0	0	0	0	0	0	0	0	0	0	0	0	0	1	0	0	4
0	0	0	0	0	0	0	8758	0	0	0	0	27	0	0	0	0	0	0	0	0	0	0	0	0	0	0	0	0	4	4	1	0	89
0	0	0	1	0	0	0	9133	0	0	0	0	6	0	0	0	0	0	0	0	0	0	0	0	0	0	0	0	0	1	0	0	0	15
14	0	0	0	4	0	0	6426	0	0	0	0	0	0	0	0	0	0	0	0	0	0	0	0	0	0	0	0	0	0	0	0	0	2
0	0	0	0	0	0	0	13814	0	0	0	0	9	0	0	0	0	0	0	0	0	0	0	0	0	0	0	1	0	0	4	0	0	27
0	0	0	0	0	0	0	17969	1	0	0	0	15	0	0	0	0	0	0	0	0	0	0	0	0	0	0	3	0	0	2	0	0	68
0	0	0	0	0	0	0	13948	1	0	0	0	882	0	0	0	0	0	0	0	0	0	0	0	0	0	0	0	0	1	8	0	0	2145
0	0	0	0	0	1	0	11619	0	0	0	0	9	0	0	0	0	0	0	0	1	0	0	0	0	0	0	0	0	3	13	1	0	29
0	0	0	0	0	1	1	18443	0	0	0	0	76	0	0	0	0	0	0	0	0	0	0	0	0	0	1	1	0	0	0	1	0	372
0	0	0	0	0	1	0	15548	1	0	0	0	1224	0	0	0	0	0	0	0	0	0	0	0	0	0	0	0	0	2	1	0	0	3188
0	0	0	0	0	0	0	19515	0	0	1	0	173	0	0	0	0	0	0	0	0	0	0	0	0	0	0	0	0	0	0	0	0	446
0	0	0	0	2	0	0	15544	0	0	0	0	2992	0	0	0	0	0	0	0	0	0	0	0	0	0	0	0	0	0	0	0	0	7658
0	0	0	0	0	0	0	10778	0	0	2	0	25	0	0	0	0	0	0	0	1	0	0	0	0	0	0	1	0	1	0	0	0	79
0	0	0	0	0	0	0	5781	1	0	0	0	1	0	0	0	0	0	0	0	0	0	0	0	0	0	0	0	0	0	0	0	0	2
0	0	0	0	0	0	0	12591	0	0	0	0	2	0	0	0	0	0	0	0	0	0	0	0	0	0	0	0	0	0	0	0	0	5
0	0	0	0	0	0	0	6204	0	0	0	0	0	0	0	0	0	0	0	0	0	0	1	0	0	0	0	0	0	0	0	0	0	1
0	0	0	0	0	0	0	12679	0	0	3	0	3048	0	0	0	0	0	0	0	0	0	0	0	0	0	0	0	0	0	6	0	0	9297
0	0	0	0	0	0	0	11133	0	0	0	0	21	0	0	0	0	0	0	0	0	0	0	0	0	0	0	0	0	0	0	1	0	73
0	0	0	0	0	0	0	5621	0	0	0	0	1	0	0	0	0	0	0	0	0	0	0	0	0	0	0	0	0	0	0	0	0	2
0	0	0	0	0	0	0	8907	0	0	0	0	381	0	0	0	0	0	0	0	0	0	0	0	0	0	0	0	0	3	7	0	0	1110
0	0	0	0	0	0	0	13354	0	0	0	0	2078	0	0	0	0	0	0	0	0	0	0	0	0	0	0	1	0	1	6	0	0	5484
0	0	0	0	0	0	0	16926	0	0	0	0	10	0	0	2	0	0	0	0	0	0	0	0	0	0	0	0	0	0	0	0	0	13
0	0	0	0	2	0	0	13732	0	0	0	0	21	0	0	0	0	0	0	0	0	0	0	0	0	0	0	0	0	1	2	0	0	46
0	0	0	0	0	0	0	12638	1	0	0	0	2	0	0	0	0	0	0	0	0	0	1	0	0	0	0	0	0	0	0	0	0	7
0	0	0	0	0	0	0	7923	0	0	0	0	12	0	0	0	0	0	0	0	0	0	0	0	0	0	0	0	0	0	0	0	0	28
0	0	0	0	0	0	0	17428	0	0	0	0	3	0	0	0	0	0	0	0	0	0	2	0	0	0	0	0	0	0	2	0	0	11
0	0	0	0	0	0	0	11309	0	0	0	0	1	0	0	0	0	0	0	0	0	0	0	0	0	0	0	0	0	0	1	0	0	2
0	0	0	0	0	1	0	12734	0	0	0	1	1772	0	0	0	0	0	0	0	0	0	0	0	0	0	0	0	0	0	1	0	0	4094
0	0	0	0	0	0	0	10056	2	0	0	0	150	0	0	0	0	0	0	0	1	0	0	0	0	0	0	0	0	0	0	0	0	375
0	0	0	0	5	0	0	14227	0	0	5	0	26759	64	0	0	0	0	0	0	0	0	0	0	0	4	0	0	0	0	7	0	0	66415
0	0	0	0	47	0	0	20689	0	0	0	0	29150	102	0	0	0	0	0	0	0	0	0	0	0	0	1	1	1	2	38	0	1	79125
0	0	2	0	17	1	0	12491	0	0	0	0	41863	120	0	0	0	0	0	0	0	0	0	0	0	0	0	1	0	0	16	2	1	103107
0	0	0	0	0	0	0	11205	0	0	1	0	4367	0	0	0	0	0	0	0	0	0	0	0	0	0	0	0	0	0	0	0	0	12762
0	0	0	0	0	0	0	10888	0	0	0	0	28	0	0	0	0	0	0	0	0	0	0	0	0	0	0	0	0	0	0	0	0	73
0	0	0	0	0	0	0	9630	0	0	0	0	120	0	0	0	0	0	0	0	0	0	0	0	0	0	0	0	0	0	2	1	2	341
0	0	0	0	10	0	0	10371	0	0	0	0	16774	43	0	0	0	0	0	1	0	0	0	0	0	0	0	1	0	3	26	0	0	46917
0	0	0	0	2	0	0	2244	0	0	0	0	16256	2	0	0	0	0	0	0	0	0	0	0	0	0	0	0	0	7	0	0	0	50044
0	0	0	0	0	0	0	16025	0	0	0	0	6510	0	0	0	0	0	0	0	0	0	0	0	0	0	0	0	0	0	12	1	1	19780
0	0	0	0	0	0	0	9114	0	0	0	0	117	0	0	0	0	0	0	38	0	0	0	0	0	0	0	0	0	0	0	0	0	381
0	0	0	0	17	1	0	4325	0	0	0	0	302882	64	0	1	0	0	0	0	2	2	0	0	0	4	0	0	0	3	19	0	1	619515
0	0	0	0	0	0	0	26196	1	0	0	0	73	0	0	0	0	0	0	0	0	0	0	0	0	0	0	0	0	0	2	0	0	238
0	0	6	0	0	0	0	4239	2	0	0	0	3254	0	0	0	0	0	0	0	1	0	0	0	0	0	0	0	0	0	22	0	0	9658
0	0	0	0	0	0	0	16288	0	0	0	0	2	0	0	0	0	0	0	0	0	0	0	0	0	0	0	0	0	0	0	0	1	5
0	0	0	0	0	0	0	13744	1	0	0	1	1	0	0	0	0	0	0	0	0	2	0	0	0	0	0	1	0	0	5	0	0	2
0	0	0	0	2	0	0	3916	0	0	0	0	11783	2	0	0	0	0	0	0	0	2	0	0	0	0	0	0	0	1	2	0	0	34929
0	0	0	0	2	0	0	7774	0	0	0	0	6743	0	0	0	0	0	0	0	0	0	0	0	0	0	0	0	0	2	4	0	0	21076
0	0	0	0	0	0	2	8614	0	0	0	0	9555	0	0	0	0	0	0	0	0	0	0	0	0	0	0	1	0	1	3	0	0	31326
0	0	0	0	0	0	0	21767	0	0	0	1	106	0	0	0	0	0	0	0	0	2	0	0	0	0	0	0	0	0	4	0	0	233
0	0	0	0	0	1	0	15939	1	0	0	0	4	0	0	0	0	0	0	0	0	0	0	0	0	0	0	1	0	0	2	0	1	10
0	0	0	0	0	1	0	6080	0	0	0	0	10	0	0	0	0	0	0	0	0	0	0	0	0	0	0	0	0	0	8	0	0	20
0	0	0	0	0	0	0	17764	1	0	0	0	19	0	0	0	0	0	0	0	0	1	0	0	0	0	0	0	0	0	0	2	0	48
0	0	0	0	2	1	0	13902	0	0	0	0	236	0	0	0	0	0	0	2	0	0	0	0	0	0	0	0	1	4	0	0	1	541
0	0	0	0	0	0	0	15288	1	0	0	0	18	0	0	0	0	0	0	0	0	2	0	0	0	0	0	0	0	0	11	0	1	46
0	0	0	0	0	0	0	19443	0	0	0	0	9	2	0	0	0	0	0	0	0	0	0	0	0	0	0	0	0	0	2	0	0	32
0	0	0	0	0	0	0	19481	1	0	0	0	3	0	0	0	0	0	0	0	0	0	0	0	0	0	0	0	0	0	0	0	0	9
0	0	0	0	0	0	0	20339	0	0	0	0	10	0	0	0	0	0	0	0	0	0	0	0	0	0	0	0	0	0	4	0	0	23
0	0	0	0	2	0	0	14376	0	0	0	0	14	2	0	0	0	0	0	0	0	0	0	0	0	0	0	0	0	0	11	0	0	44
0	0	0	0	0	0	0	18863	0	0	0	0	13	0	0	0	0	0	1	0	0	0	0	0	0	0	0	1	0	0	0	0	0	39
0	0	0	0	0	0	0	17767	0	0	0	0	70	1	0	0	0	0	0	0	0	0	0	0	0	0	0	0	0	0	0	0	0	158
0	0	0	0	0	0	0	9804	0	0	0	0	26	0	0	0	0	0	0	0	1	0	0	0	0	0	0	2	1	1	3	0	1	54
0	0	0	0	0	0	0	15839	0	0	0	0	2	0	0	0	0	0	0	0	0	0	0	0	0	0	0	0	0	1	2	0	0	7
0	0	0	0	0	0	0	3548	0	0	0	0	2	4	0	0	0	0	0	0	0	0	0	0	0	0	0	0	0	0	2	0	0	2
0	0	0	0	0	0	0	23512	0	0	0	0	45	0	0	0	0	0	0	1	0	0	0	0	0	0	0	0	0	0	0	0	0	167
0	0	0	0	0	0	0	18753	1	0	0	0	5	13	1	0	0	0	0	0	0	0	0	0	0	0	0	0	0	0	4	0	0	20
0	0	0	0	2	0	0	28059	0	0	0	0	131	0	0	0	0	0	0	0	0	0	0	0	0	0	0	1	0	0	1	0	0	345
0	0	0	0	6	0	0	4782	1	0	0	0	129	21	0	0	0	0	0	0	0	0	0	0	0	0	0	2	0	0	9	1	1	419
0	0	0	0	0	0	0	18686	0	0	0	0	108	0	0	0	0	0	0	0	0	0	0	0	0	0	0	1	0	0	6	0	1	269
0	0	0	0	0	0	0	10910	0	0	0	0	81	0	0	0	0	0	0	0	0	0	0	0	0	0	0	2	0	0	5	0	1	210
0	0	0	0	0	0	0	22307	0	0	0	0	10	0	0	0	0	0	0	0	0	0	0	0	0	0	0	0	0	0	0	0	0	27
0	0	0	0	2	0	0	11719	0	0	0	0	20	0	0	0	0	0	0	0	0	0	0	0	0	0	0	1	0	0	0	0	0	65
0	0	0	0	2	0	0	5652	1	0	0	0	9	0	0	0	0	0	0	0	0	0	0	0	0	0	0	0	0	0	0	0	0	35
0	0	0	0	2	0	0	13973	0	0	1	0	8	0	0	0	0	0	0	0	0	0	0	0	0	0	0	1	0	0	4	0	0	17
0	0	0	0	0	0	0	4592	2	0	0	0	4	1	0	0	0	0	0	0	0	0	0	0	0	0	0	0	0	0	0	0	0	6
0	0	0	0	0	0	0	4895	0	0	0	0	1	0	0	0	0	0	0	0	0	0	0	0	0	0	0	0	0	0	0	0	0	4
0	0	0	0	0	0	0	17114	0	0	0	0	13	0	0	0	0	0	0	0	0	0	0	0	0	0	0	0	0	0	3	0	0	41
0	705	0	0	1	0	0	14516	836	0	0	1	0	0	2	0	0	0	0	0	0	0	0	0	0	0	0	0	0	0	0	1	0	1
0	0	0	0	0	0	0	14492	0	0	0	0	3	0	0	0	0	0	0	0	0	0	0	0	0	0	0	0	1	0	2	0	0	16
0	0	0	0	0	0	0	17188	1	0	0	1	0	4	0	0	0	0	0	0	0	0	0	0	0	0	0	0	0	0	0	0	0	1
0	0	0	0	0	0	0	11426	0	0	0	0	7	0	0	0	0	0	0	0	0	0	0	0	0	0	0	0	0	0	1	0	0	22
0	0	0	0	2	0	0	15185	0	0	0	0	6	2	0	0	0	0	0	0	0	0	0	0	0	0	0	0	0	0	9	0	0	15
0	0	0	0	0	0	0	14423	0	0	0	0	5	7	0	0	0	0	0	0	0	0	0	0	0	0	0	0	0	1	2	0	0	16
0	0	0	0	0	1	0	14354	0	0	0	0	3	0	0	0	0	0	0	0	0	0	0	0	0	0	0	0	0	0	0	0	0	8
0	0	0	0	0	0	0	6130	0	0	0	0	1	0	0	0	0	0	0	0	0	0	0	0	0	0	0	0	0	0	0	0	0	2
0	0	0	0	0	0	0	12341	1	0	1	0	98	0	0	0	0	0	0	0	0	0	0	0	0	0	0	0	0	2	2	0	0	303
0	0	0	0	0	0	0	6818	0	0	0	0	1	0	0	0	0	0	0	0	0	0	0	0	0	0	0	0	0	0	0	0	0	3
0	0	0	0	0	0	0	19643	0	0	0	0	38	0	0	0	0	0	0	0	0	0	0	0	0	0	0	0	0	0	2	0	0	101
0	0	0	0	0	0	0	18848	1	0	0	0	76	0	0	0	0	0	0	0	0	0	0	0	0	0	0	1	0	0	0	0	0	182
0	0	0	0	0	0	0	17439	0	0	0	0	1755	0	0	0	0	0	0	0	0	0	0	0	0	0	0	0	0	0	0	0	0	5539
0	0	0	0	0	0	0	7541	0	0	0	0	7554	0	0	0	0	0	0	0	0	0	0	0	0	0	0	1	0	1	3	0	0	19715
0	0	0	0	0	0	0	5955	0	0	0	0	2	2	0	0	0	0	0	0	0	0	0	0	0	0	0	0	0	0	0	0	0	5
0	0	0	0	0	0	0	6299	0	0	0	0	3	0	0	0	0	0	0	0	0	0	0	0	0	0	0	0	0	0	0	0	0	7
0	0	0	0	0	0	0	15612	1	0	0	0	139	0	0	0	0	0	0	0	0	0	0	0	0	1	0	0	0	0	4	1	0	362
0	0	0	0	2	0	0	16560	0	0	0	0	40	2	0	0	0	0	0	0	0	0	0	0	0	0	0	0	0	2	0	0	0	93
0	0	0	0	0	0	0	13834	0	0	0	0	4	4	0	0	0	0	0	0	0	0	0	0	0	0	0	0	0	0	2	0	0	7
0	0	0	0	0	0	0	11357	0	0	0	0	2	0	0	0	0	0	0	0	0	0	0	0	0	0	0	0	1	0	0	0	0	6
0	0	0	0	0	0	0	6117	0	0	0	0	1	2	0	0	0	0	0	0	0	0	0	0	0	0	0	0	0	0	2	0	0	1
0	0	0	0	0	0	0	6141	0	0	0	0	1	0	0	0	0	0	0	0	0	0	0	0	0	0	0	0	0	0	0	0	0	1
0	0	0	0	0	0	0	14846	0	0	0	0	17	0	0	0	0	0	0	0	1	0	0	0	0	0	0	1	0	0	0	0	0	49
0	0	0	0	0	0	0	19770	0	0	0	0	3425	0	0	0	0	0	0	0	0	0	0	1	0	0	0	0	0	0	0	0	0	8760
0	0	0	0	0	0	0	21882	0	0	0	0	5	0	0	0	0	0	0	0	0	0	0	0	0	0	0	0	0	0	0	0	0	21
0	0	0	0	0	0	0	14369	0	0	0	0	3	0	0	0	0	0	0	0	0	0	0	0	0	0	0	0	0	0	0	0	0	9
0	0	0	0	0	0	0	15839	0	0	0	0	1119	1	0	0	0	0	0	0	0	0	0	0	0	0	0	0	0	0	0	1	0	3319
0	0	0	0	0	0	0	11854	0	0	1	0	8	0	0	0	0	0	0	0	0	0	0	0	0	0	0	0	0	0	7	0	0	15
0	0	0	0	0	0	0	6788	0	0	0	0	5	0	0	0	0	0	0	0	0	0	0	0	0	0	0	0	0	0	7	0	0	10
0	0	0	0	0	0	0	7509	0	0	0	0	3	0	0	0	0	0	0	0	0	0	0	0	0	0	0	0	0	0	3	0	0	20
0	0	0	0	0	0	0	17682	0	0	0	0	2	6	0	0	0	0	0	0	0	0	0	0	0	0	0	0	0	0	2	0	0	4
0	0	0	0	2	0	0	8544	0	0	0	0	106	0	0	0	0	0	0	0	0	0	0	0	0	0	0	0	0	1	2	0	0	355
0	0	0	0	4	0	0	2629	0	0	0	1	2	0	0	0	0	0	0	0	0	0	0	0	0	0	0	0	0	0	1	0	0	5
0	0	0	0	0	0	0	6583	0	0	0	0	456	0	1	0	0	0	0	0	0	0	0	0	0	0	0	0	0	0	2	0	0	1154
0	0	0	0	0	0	0	6433	1	0	0	0	774	0	0	0	0	0	0	0	0	0	0	0	0	0	0	0	0	0	2	0	0	1728
0	0	0	0	0	0	0	7612	0	0	0	0	68	0	0	0	0	0	0	0	0	0	0	0	0	0	0	0	0	0	0	0	0	171
0	0	0	0	0	0	0	913	0	0	0	0	4547	0	0	0	0	0	0	0	0	0	0	0	0	0	0	0	0	0	0	0	0	7886
0	0	0	0	0	0	0	3908	0	0	0	0	18	0	0	0	0	0	0	0	0	0	0	0	0	0	0	0	2	0	3	0	0	34
0	0	0	0	0	0	0	1314	0	0	0	0	3	0	0	0	0	0	0	0	0	0	0	0	0	0	0	0	0	0	0	0	0	7
0	0	0	0	0	0	0	2518	0	0	2	0	393	0	0	0	0	0	0	1	0	0	0	0	0	1	0	0	0	0	0	0	0	2289
0	0	1	0	0	0	0	5306	0	0	0	0	36274	0	0	0	0	0	0	0	0	0	0	0	0	0	0	0	0	0	13	0	0	78678
0	0	0	0	0	0	0	1231	0	0	0	0	9805	0	0	0	0	0	0	0	0	0	0	0	0	0	0	0	0	0	0	0	0	16955
0	0	0	0	2	1	0	3881	0	0	1	1	29773	0	0	0	0	0	0	0	0	0	0	0	0	0	0	0	0	0	18	0	0	63268
0	0	0	1	0	0	0	1478	0	0	0	0	0	0	0	0	0	0	0	0	0	0	0	0	0	0	0	0	0	0	1	0	0	0
0	0	0	0	2	0	0	2781	0	0	0	0	727	0	0	0	0	0	0	0	0	0	0	0	0	0	0	0	0	0	1	2	0	4632
0	0	0	0	0	1	0	4439	1	0	0	0	322	0	0	0	0	0	0	0	0	0	0	0	0	0	0	0	0	1	0	0	0	707
0	0	0	0	0	2	0	6012	0	0	0	0	249	0	0	0	0	0	0	1	0	0	0	0	0	1	0	0	0	1	2	0	0	556
0	0	0	0	0	0	0	7885	0	0	0	0	1333	0	0	0	0	0	0	0	0	0	0	0	0	0	0	1	0	0	1	0	0	2997
0	0	0	0	0	1	0	3795	0	0	0	0	61904	0	0	0	0	0	0	0	0	0	0	0	0	14	0	0	0	8	2	0	0	137772
0	0	0	0	0	0	0	9299	1	0	0	0	4449	0	0	0	0	0	0	0	0	0	0	1	0	0	0	0	0	2	0	0	0	9290
0	0	0	0	0	0	0	5908	0	0	0	0	2510	0	0	0	0	0	0	0	0	0	0	0	0	0	0	0	0	0	0	0	0	6402
0	0	0	0	0	0	0	9001	2	0	0	0	488	0	0	0	0	0	0	0	0	0	0	0	0	0	0	0	0	0	3	0	0	1003
0	0	0	0	0	0	0	9499	0	0	0	0	26	0	0	0	0	0	0	0	0	0	0	0	0	0	0	0	0	0	0	0	0	61
0	0	0	0	0	0	0	6430	0	0	0	0	25	0	0	0	0	0	0	0	0	0	0	0	0	0	0	0	0	0	0	0	0	54
0	0	0	0	0	0	0	10249	0	0	0	0	445	0	0	0	0	0	0	0	0	0	0	0	0	0	0	0	0	0	4	0	1	917
0	0	0	0	0	0	0	5129	0	0	0	0	0	0	0	0	0	0	0	0	0	0	0	0	0	0	0	0	0	0	0	0	0	2
0	0	0	0	0	0	0	7919	0	0	0	0	2	0	0	2	0	0	0	0	0	0	0	0	0	0	0	0	0	0	5	0	0	5
0	0	0	0	0	0	0	3806	0	0	0	0	52	0	0	0	0	0	0	0	0	0	0	0	0	0	0	0	0	0	0	0	0	96
0	0	0	0	1	0	0	7177	0	0	1	0	219	0	0	0	0	0	0	1	0	2	0	0	0	0	0	0	12	1	5	1	0	447
0	0	0	0	0	1	0	8681	0	0	0	1	8571	0	0	0	0	0	0	0	0	0	0	0	0	0	0	0	0	1	0	1	0	18431
0	0	0	0	0	0	0	3257	1	0	0	0	124	0	0	0	0	0	0	0	0	0	1	0	0	0	0	2	0	0	0	0	0	226
0	0	0	0	0	0	0	8362	0	0	0	0	44	0	0	0	0	0	0	0	0	0	0	0	0	0	0	1	0	0	2	0	0	94
0	0	0	0	0	0	0	5054	0	0	0	0	45	0	0	0	0	0	0	0	0	0	0	0	0	0	0	0	0	0	6	0	0	86
0	0	0	0	0	2	0	10579	0	0	0	0	226	0	0	0	0	0	0	0	0	0	0	0	0	0	0	0	0	0	2	0	0	551
0	0	0	0	0	0	0	13	0	0	0	0	0	0	0	0	0	0	0	0	0	0	0	0	0	0	0	0	0	0	0	0	0	0
0	0	0	0	0	0	0	10889	0	0	0	0	4	0	0	0	0	0	0	2	0	0	0	0	0	0	0	0	0	0	2	0	0	10
0	0	0	0	0	0	0	1998	0	0	0	0	1301	0	0	0	0	0	0	0	0	0	0	0	0	0	0	1	0	0	0	0	0	2540
0	0	2	0	0	2	0	3735	0	0	0	1	62388	0	0	0	0	0	0	0	0	1	0	0	0	0	0	1	0	1	7	0	0	123724
0	0	0	0	0	0	0	9207	1	0	0	0	41	0	0	0	0	0	0	0	0	0	0	0	0	0	0	0	0	0	3	0	0	112
0	0	0	0	0	0	0	5973	0	0	0	0	0	0	0	0	1	0	0	0	0	0	0	0	0	0	0	0	0	0	0	0	0	0
0	0	0	0	0	1	0	1897	0	0	0	0	658	0	0	0	0	0	0	0	0	0	0	0	0	0	0	0	0	1	2	0	0	1568
0	0	0	0	0	0	0	9589	0	0	0	0	0	0	0	0	0	0	0	0	0	0	0	0	0	1	0	0	0	0	1	0	0	1
0	0	0	0	0	0	0	8591	0	0	0	0	8690	0	0	0	0	0	0	0	0	0	0	0	0	0	0	0	0	0	2	0	0	18382
0	0	0	0	0	0	0	11775	0	0	0	0	45	0	0	0	0	0	0	0	0	0	0	0	0	0	0	1	0	0	6	0	0	114
0	0	0	0	3	0	0	9440	1	0	0	0	8692	0	0	0	0	0	0	0	0	0	0	0	0	0	0	0	1	0	4	0	1	20419
0	0	0	0	0	0	0	3696	0	0	0	0	320	0	0	0	0	0	0	0	0	0	0	0	0	0	0	0	0	0	5	0	0	713
0	0	0	0	0	0	0	8948	0	0	0	0	175	0	0	0	0	0	0	0	0	0	0	0	0	0	0	0	0	0	4	0	0	393
0	0	0	0	0	0	0	7426	0	0	1	0	34	0	0	0	0	0	0	0	0	0	0	0	0	0	0	1	0	1	0	0	0	66
0	0	0	0	0	0	0	12216	0	0	0	0	20	0	0	0	0	0	0	0	0	0	0	0	0	0	0	0	0	0	6	0	0	46
0	0	0	0	0	0	0	6579	1	0	0	0	3504	0	0	0	0	0	0	0	0	0	0	1	0	0	0	0	6	0	1	0	1	7155
0	0	0	0	0	0	0	1852	0	0	0	0	96	0	0	0	0	0	0	0	0	0	0	0	0	0	0	0	0	0	0	0	0	301
0	0	0	0	0	0	0	3447	0	0	0	0	632	0	0	0	0	0	0	0	0	0	0	0	0	0	0	2	2	1	3	2	0	1237
0	0	0	0	0	0	0	5806	0	0	0	0	3	0	0	0	0	0	0	0	0	0	0	0	0	0	0	0	0	0	2	0	0	9
0	0	0	0	0	0	0	7111	0	0	0	1	26	0	0	0	0	0	0	1	0	0	0	0	0	6	0	0	0	0	0	0	0	52
0	0	0	0	0	0	0	8524	1	0	0	0	628	0	0	0	0	0	0	0	1	0	0	0	0	0	0	0	0	1	12	0	0	1291
0	0	0	0	0	0	0	9792	0	0	0	0	133	0	0	0	0	0	0	0	0	0	0	0	0	0	0	0	0	0	7	0	0	300
0	0	0	0	0	1	0	7677	2	0	0	0	267	0	0	0	0	0	0	0	0	0	0	0	0	0	0	0	0	0	5	2	0	535
0	0	0	0	0	0	0	8640	1	0	0	0	475	0	0	0	0	0	0	0	0	0	0	0	0	0	0	1	0	0	2	0	0	1064
0	0	0	0	0	0	0	4899	0	0	0	0	11	0	0	0	0	0	0	0	0	0	0	0	0	0	0	0	0	1	2	0	0	42
0	1	0	0	0	0	0	10235	0	0	0	0	9723	0	0	0	0	0	0	0	0	0	0	0	0	0	0	0	0	0	2	0	0	21257
0	0	0	0	0	0	0	3150	0	0	0	0	11	0	0	0	0	0	0	0	0	0	0	0	0	0	0	0	0	1	0	0	0	49
0	0	0	0	0	0	0	2469	0	0	0	0	72	2	0	0	0	0	1	0	0	0	0	0	0	0	0	0	0	0	3	1	0	173
0	0	0	0	0	0	0	6396	0	0	0	0	36	0	0	0	0	0	0	0	0	0	0	0	0	0	0	0	0	0	0	0	0	87
0	0	0	0	0	0	0	5564	0	0	0	0	116	0	0	0	0	0	0	0	0	0	0	0	0	0	0	0	0	0	2	0	0	242
0	0	0	0	0	0	0	10856	0	0	0	0	6	2	0	0	0	0	0	0	0	0	1	0	0	0	0	0	0	0	0	0	0	14
0	0	0	0	0	0	0	7640	1	0	0	0	7	0	0	0	0	0	0	0	0	0	0	0	0	0	0	0	0	0	0	0	0	17
0	0	0	0	0	0	0	3448	0	0	0	0	18	0	0	0	0	0	0	0	0	0	0	0	0	0	0	0	0	1	0	0	0	65
0	0	0	0	0	0	0	8486	0	0	0	0	11	0	0	0	0	0	0	0	0	0	0	0	0	0	0	0	0	0	0	0	0	32
0	3	0	0	0	0	0	5570	495	0	0	0	72	0	1	0	0	0	0	0	0	0	0	0	0	0	0	0	0	0	4	0	0	154
0	0	0	0	0	0	0	6918	0	0	0	0	108	0	0	0	0	0	0	0	0	0	0	0	0	0	0	1	0	0	4	0	0	265
0	0	0	0	0	0	0	8556	0	0	0	0	14757	0	0	0	0	0	0	0	0	0	0	0	0	0	0	0	0	0	7	0	0	31245
0	0	0	0	0	0	0	6128	0	0	0	0	21	0	0	0	0	0	0	0	0	0	0	0	0	0	0	1	0	0	0	0	0	72
0	0	0	0	0	0	0	2714	0	0	0	0	1665	0	0	0	0	0	0	0	0	0	0	0	0	0	0	0	0	0	0	0	0	3412
0	0	0	0	0	0	0	8671	0	0	0	0	41	0	0	0	0	0	0	0	0	0	0	0	0	0	0	0	0	2	4	0	0	116
0	0	0	0	0	0	0	2956	0	0	0	0	22	0	0	0	0	0	0	0	0	0	0	0	0	0	0	0	0	0	0	0	0	68
0	0	0	0	0	1	0	9537	0	0	0	0	428	0	0	0	0	0	0	0	0	0	0	0	0	0	0	1	1	0	0	0	0	987
0	0	0	0	0	0	0	8832	0	0	0	0	64	0	0	0	0	0	0	0	0	0	0	0	0	0	0	1	0	0	0	0	0	141
0	0	0	0	0	0	0	7215	0	0	0	0	186	1	0	0	0	0	0	0	0	0	0	0	0	0	0	2	0	0	0	1	0	488
0	0	0	0	0	1	0	9034	0	0	0	0	500	0	0	0	0	0	0	0	0	0	0	0	0	0	0	0	0	1	0	0	0	1049
0	0	0	0	0	0	0	8832	0	0	0	0	64	0	0	0	0	0	0	0	0	0	0	0	0	0	0	1	0	0	0	0	0	141
0	0	0	0	0	0	0	7217	0	0	0	0	186	1	0	0	0	0	0	0	0	0	0	0	0	0	0	2	0	0	0	1	0	488
0	0	0	0	0	0	0	7124	0	0	0	0	221	0	0	0	0	0	0	0	0	0	0	0	0	0	0	0	0	0	0	0	0	570
0	0	0	0	0	0	0	2166	0	0	0	0	4	4	0	0	0	0	0	0	0	0	0	0	0	0	0	0	0	0	0	0	0	8
0	0	0	0	0	0	0	3831	0	0	0	0	3	3	0	0	0	0	0	0	0	0	0	0	0	0	0	0	0	0	0	0	0	10
0	0	0	0	0	0	0	9042	0	0	0	0	2	0	0	0	0	0	0	0	0	0	0	0	0	0	0	0	0	0	0	0	0	4
0	0	0	0	0	0	0	11144	0	0	0	0	712	0	0	2	0	0	0	0	0	0	0	0	0	0	0	0	0	1	10	0	0	1792
0	0	0	0	0	0	0	10774	0	0	0	0	2	0	0	0	0	0	0	0	0	0	0	0	0	0	0	0	0	0	2	0	0	3
0	0	0	0	1	0	0	5631	1	0	0	0	2	0	0	0	0	0	0	0	0	0	0	0	0	0	0	0	0	0	0	0	0	5
0	0	0	0	0	0	0	5733	0	0	0	0	1	0	0	0	0	0	0	0	0	0	0	0	0	0	0	0	0	0	0	0	0	3
0	0	0	0	0	0	0	5463	0	0	0	0	3849	0	0	0	0	0	0	0	0	0	0	0	0	0	0	0	0	0	4	0	0	8453
0	0	0	0	0	0	0	3285	0	0	0	0	789	0	0	0	0	0	0	0	0	0	0	0	0	0	0	0	0	0	9	0	0	1619
0	0	0	0	0	0	0	5668	0	0	0	0	292	0	0	0	0	0	1	0	0	0	0	0	0	0	0	0	0	1	1	0	0	606
0	0	0	0	0	0	0	9368	0	0	0	0	3	0	0	0	0	0	0	0	0	0	0	0	0	0	0	0	0	0	2	0	1	10
0	1	0	0	25	1	0	12413	0	0	8	0	1653	62	0	0	0	0	0	0	0	0	0	0	0	0	0	0	0	54	8	1	1	7418
0	0	0	0	0	0	0	14174	0	0	1	1	6	0	0	0	0	0	0	0	0	0	0	0	0	0	0	0	0	2	2	0	0	16
0	0	0	0	0	0	0	13530	1	0	0	0	630	6	0	0	0	0	0	0	0	0	0	0	0	0	0	0	0	6	0	0	1	2819
0	0	0	0	28	1	0	9233	0	0	0	0	5107	52	0	0	0	0	1	0	0	0	0	0	0	1	0	0	0	54	28	0	0	20993
0	0	0	0	0	0	0	38252	0	0	0	0	0	0	0	0	0	0	0	0	0	0	0	0	0	0	0	0	0	0	1	0	0	3
0	0	0	0	11	0	0	15049	0	0	0	0	116	30	0	1	0	0	0	1	0	0	0	0	0	0	0	0	0	52	16	0	0	342
0	0	0	0	2	0	0	14730	0	0	0	0	0	0	0	0	0	0	0	0	0	0	0	0	0	0	0	2	0	1	0	0	1	1
0	0	0	0	1	0	0	39242	0	0	0	0	54	5	0	0	0	0	0	0	0	0	0	0	0	0	0	1	0	0	0	0	0	164
0	0	0	0	0	0	0	14608	1	0	0	0	2	4	0	0	0	0	0	0	0	0	0	0	0	0	0	0	0	1	0	0	1	7
0	0	0	0	0	0	0	26872	0	0	0	0	12	4	0	0	0	0	0	0	0	0	0	0	0	0	0	0	0	0	0	0	0	47
0	0	0	0	0	0	0	20375	0	0	0	0	2	1	0	0	0	0	0	0	0	0	0	0	0	0	0	2	0	2	21	2	0	6
0	0	0	0	0	0	0	28605	0	0	0	0	1	0	0	0	0	0	0	0	0	0	0	0	0	0	0	0	0	0	3	0	1	2
0	0	0	0	0	0	0	28407	1	0	0	0	4	0	0	0	0	0	0	0	0	0	0	0	0	0	0	0	1	0	4	0	0	11
0	0	0	0	2	0	0	14557	0	0	0	0	254	10	0	0	0	0	0	0	0	0	0	0	0	0	0	2	0	0	6	0	0	999
0	0	0	0	0	0	0	4381	0	0	0	0	0	0	0	0	0	0	0	0	0	0	0	0	0	0	0	0	0	0	1	0	0	1
0	0	0	0	0	0	0	19179	0	0	0	0	1	0	0	0	0	0	0	0	0	0	0	0	0	0	0	0	0	0	0	0	0	3
0	0	0	0	4	0	0	40838	0	0	0	1	24	0	0	0	0	0	0	0	0	0	0	0	0	0	0	0	0	1	10	0	0	70
0	0	0	0	2	0	0	30827	0	0	0	0	3	0	0	1	0	0	0	0	0	0	0	1	0	0	0	1	0	0	6	0	0	15
0	0	0	0	6	0	0	19382	0	0	0	0	212	14	0	0	0	0	0	0	0	0	0	0	0	0	0	0	0	133	0	0	0	1014
0	0	0	0	0	0	0	31700	0	0	0	0	0	0	0	0	0	0	0	0	0	0	0	0	0	0	0	0	0	0	4	0	1	2
0	0	0	0	4	0	0	27864	0	0	0	0	1	19	0	0	0	0	0	0	0	0	0	0	0	0	0	1	0	1	8	0	0	6
0	0	0	0	0	0	0	25796	0	0	0	0	1	0	0	0	0	0	0	0	0	0	0	1	0	0	0	0	0	0	3	0	0	3
0	0	0	0	0	0	0	6472	0	0	0	0	1	0	0	0	0	0	0	0	0	0	0	0	0	0	0	0	0	0	2	0	0	1
0	0	0	0	0	0	0	8044	0	0	0	0	0	0	0	0	0	0	0	0	0	0	0	0	0	0	0	0	0	0	0	0	0	0
0	0	0	0	0	0	0	6499	0	0	0	0	1	0	0	0	0	0	0	0	0	0	0	0	0	0	0	0	0	0	0	0	0	1
0	0	0	0	0	0	0	3612	0	0	0	0	0	0	0	0	0	0	0	0	0	0	0	0	0	0	0	0	0	0	0	0	0	0
0	0	0	0	0	0	0	3421	0	0	0	0	0	0	0	0	0	0	0	0	0	0	0	0	0	0	0	0	0	0	0	0	0	1
2	0	0	0	0	0	0	18332	2	0	0	0	1	0	0	0	0	0	0	0	0	0	0	0	0	0	0	0	0	1	2	0	0	9
0	0	0	0	0	0	0	38478	0	0	1	0	1	0	0	0	0	0	0	0	0	0	0	0	0	0	0	0	0	0	0	0	0	4
0	0	0	0	0	0	0	18711	0	0	0	0	19	0	0	0	0	0	0	0	0	0	0	0	0	0	0	0	0	0	2	0	0	28
0	0	0	0	0	0	0	3171	0	0	0	0	0	2	0	0	0	0	0	0	0	0	0	0	0	0	0	0	0	0	0	0	0	1
0	0	0	0	0	0	0	2827	0	0	0	0	0	0	0	0	0	0	0	0	0	0	0	0	0	0	0	0	0	0	0	0	0	1
0	0	0	0	0	0	0	2869	0	0	0	0	0	2	0	0	0	0	0	0	0	0	0	0	0	0	0	0	0	0	2	0	0	0
0	0	0	0	0	0	0	2755	0	0	0	0	0	2	0	0	0	0	0	0	0	0	0	0	0	0	0	0	0	0	0	0	0	1
0	0	0	0	0	0	0	18017	1	0	0	0	17	0	0	0	0	0	0	0	0	0	0	0	0	0	0	0	0	0	2	0	0	35
0	3	0	0	11	1	0	31172	576	0	0	0	7	3	1	0	0	0	0	0	0	1	0	0	0	0	0	0	0	0	28	0	1	28
0	0	0	0	0	0	0	3325	0	0	0	0	0	0	0	0	0	0	0	0	0	0	0	0	0	0	0	0	0	0	0	0	0	1
0	0	0	0	2	0	0	29714	0	0	0	0	1	2	0	0	0	0	0	0	0	0	0	0	0	0	0	0	0	0	0	0	0	4
0	0	0	0	0	0	0	27439	0	0	0	0	2	0	0	0	0	0	1	0	0	0	0	0	0	0	0	0	0	0	11	0	0	4
0	0	0	0	0	0	0	4511	0	0	0	0	0	2	0	0	0	0	0	0	0	0	0	0	0	0	0	0	0	0	0	0	0	0
0	0	0	0	3	0	0	22417	0	0	0	0	1	4	0	0	0	0	0	0	0	0	0	0	0	0	0	0	0	0	4	0	0	4
0	0	0	0	0	0	0	5667	0	0	0	0	0	2	0	0	0	0	0	0	0	0	0	0	0	0	0	0	0	0	0	0	0	0
0	0	0	0	0	0	0	26038	0	0	0	0	0	2	0	0	0	0	0	0	0	0	0	0	0	0	0	0	0	0	4	0	0	1
0	0	0	0	0	0	0	24390	0	0	0	0	1	0	0	0	0	0	0	0	0	0	0	0	0	0	0	0	0	0	2	1	0	2
0	0	0	0	0	0	0	20307	0	0	0	0	0	0	0	0	0	0	0	0	0	0	0	0	0	0	0	0	0	0	0	0	0	1
0	0	0	0	2	0	0	40384	0	0	0	0	2	1	0	0	0	0	0	0	0	0	0	0	0	1	0	2	0	0	1	0	0	6
0	0	0	0	0	1	0	21863	0	0	0	0	1	1	0	0	0	0	0	0	0	0	0	0	0	0	0	0	1	1	0	0	0	8
0	0	0	0	0	1	0	15743	29	0	0	0	0	2	0	0	0	0	0	0	0	0	0	0	0	0	0	1	0	0	0	0	0	1
0	0	0	0	0	0	0	2091	0	0	0	0	0	0	0	0	0	0	0	0	0	0	0	0	0	0	0	0	0	0	0	0	0	0
0	0	0	0	2	0	0	21601	0	0	0	0	1	0	0	0	0	0	0	0	0	0	0	0	0	0	0	0	0	0	0	0	1	4
0	0	0	0	0	0	0	23567	0	0	0	0	2	0	0	0	0	0	0	0	0	0	0	0	0	0	0	0	0	0	0	0	0	4
0	0	0	0	0	0	0	26533	2	0	0	0	5	2	0	0	0	0	0	0	0	0	0	0	0	0	0	2	1	0	0	0	1	13
0	0	0	0	0	0	0	18152	0	0	0	0	0	5	0	0	0	0	0	0	0	0	0	0	0	0	0	0	0	0	4	0	0	2
0	0	0	0	0	0	0	912	0	0	0	0	0	0	0	0	0	0	0	0	0	0	0	0	0	0	0	0	0	0	0	0	0	0
0	0	0	0	0	0	0	22279	0	0	0	0	0	0	0	0	0	0	0	0	0	0	0	0	0	0	0	0	0	0	0	1	0	1
0	0	0	0	0	0	0	14218	6	0	0	0	1	0	0	0	0	0	0	0	0	0	0	0	0	0	0	0	0	0	0	0	0	1
0	0	0	0	0	0	0	17387	0	0	0	0	1	0	0	0	0	0	0	0	0	0	0	0	0	0	0	0	0	0	6	0	0	2
0	0	0	0	0	1	0	14364	0	0	0	1	4	2	0	0	0	0	0	1	0	0	0	0	0	0	0	1	0	1	2	0	0	14
0	0	0	0	0	0	0	1852	0	0	0	0	0	0	0	0	0	0	0	0	0	0	0	0	0	0	0	0	0	0	0	0	0	0
0	0	0	0	0	0	0	1282	0	0	0	0	0	2	0	0	0	0	0	0	0	0	0	0	0	0	0	0	0	0	0	0	0	0
0	0	0	0	0	0	0	26749	1	0	0	0	0	0	0	0	0	0	0	0	0	0	0	0	0	0	0	0	0	0	2	0	0	0
0	0	0	0	0	0	0	30740	0	0	0	0	0	5	0	0	0	0	0	0	0	0	0	0	0	0	0	0	0	0	0	0	0	1
0	0	0	0	0	0	0	34281	0	0	0	0	2	2	0	0	0	0	0	0	0	0	0	0	0	0	0	0	0	0	2	0	0	8
0	0	0	0	2	0	0	20378	0	0	0	0	0	3	0	0	0	0	0	0	0	0	0	0	0	0	0	0	0	0	0	0	0	1
0	0	0	0	2	0	0	18981	1	0	0	0	0	2	0	0	0	0	0	0	0	0	0	0	0	0	0	0	0	0	0	0	0	0
0	0	0	0	0	0	0	19875	0	0	0	0	1	0	0	0	0	0	0	0	0	0	0	0	0	0	0	0	0	0	2	0	0	2
0	0	0	0	2	1	0	23986	0	0	0	0	78	0	0	0	0	0	0	0	0	0	0	0	0	0	0	0	0	1	1	0	0	236
0	0	0	0	0	0	0	30623	0	0	0	0	1	2	0	0	0	0	0	0	0	0	0	0	0	0	0	0	0	0	2	0	0	4
0	0	0	0	0	0	0	6873	1	0	0	0	0	0	0	0	0	0	0	0	0	0	0	0	0	0	0	0	0	0	0	0	0	1
0	0	0	0	0	0	0	6327	0	0	0	0	1	2	0	0	0	0	0	0	0	0	0	0	0	0	0	0	0	0	0	0	0	1
0	0	0	0	0	0	0	31805	1	0	0	0	1	0	0	0	0	0	0	0	0	0	0	0	0	0	0	0	0	0	0	0	0	3
0	0	0	0	0	0	0	16277	0	0	2	0	3	4	0	0	0	0	0	0	0	0	0	0	0	0	0	0	0	0	2	0	0	10
0	0	0	0	0	0	0	20029	2	0	0	0	1	0	0	0	0	0	0	0	0	0	0	0	0	0	0	0	0	0	0	0	0	1
0	0	0	0	0	0	0	3315	0	0	0	0	0	0	0	0	0	0	0	0	0	0	0	0	0	0	0	0	0	0	0	0	0	1
0	0	0	0	0	0	0	1647	0	0	0	0	0	0	0	0	0	0	0	0	0	0	0	0	0	0	0	0	0	0	0	0	0	0
0	0	0	0	2	0	0	27510	0	0	0	0	0	2	0	0	0	0	0	0	0	0	0	0	0	0	0	0	0	0	0	0	0	1
0	0	0	0	0	1	0	28625	2	0	0	0	2	0	0	0	0	0	0	0	0	0	0	0	0	0	0	0	0	0	0	0	0	4
0	0	0	0	0	0	0	15084	0	0	0	0	1	4	0	0	0	0	0	0	0	0	0	0	0	0	0	0	0	0	0	1	0	2
0	0	0	0	0	0	0	20917	2	0	0	0	2	0	0	0	0	0	0	0	0	0	0	0	0	0	0	0	0	0	0	0	0	4
0	0	0	0	0	0	0	22598	0	0	0	0	2	0	0	0	0	0	0	0	0	1	0	0	0	0	0	0	0	0	2	0	0	2
0	0	0	0	0	0	0	18823	0	0	0	0	1	2	0	0	0	0	0	0	0	0	0	0	0	0	0	0	0	0	2	0	0	3
0	0	0	0	2	0	0	19125	1	0	0	0	1	4	0	1	0	0	0	0	0	0	0	1	0	0	0	0	0	0	8	0	0	4
0	0	0	0	0	0	0	24446	1	0	0	0	0	2	0	0	0	0	0	0	0	0	0	0	0	0	0	0	0	0	10	0	0	3
0	0	0	0	0	0	0	24817	0	0	1	0	1	0	0	0	0	0	0	0	0	0	0	0	0	0	0	0	0	0	2	0	0	6
0	0	0	0	0	0	0	20547	0	0	0	0	2	4	0	0	0	0	0	0	0	0	0	0	0	0	0	2	0	0	0	0	0	5
0	0	0	0	0	0	0	11226	0	0	0	0	24	0	0	0	0	0	0	0	0	0	0	0	0	0	0	0	0	0	0	0	0	65
0	0	0	0	24	0	0	3327	1	0	1	0	22410	99	0	0	0	0	0	0	1	2	0	1	0	0	0	0	0	6	41	0	1	63108
0	0	0	0	2	0	0	13712	0	0	0	0	6972	4	0	0	0	0	0	0	0	0	0	0	0	0	0	0	0	8	13	1	0	23686
0	0	0	0	0	0	0	16565	0	0	0	0	7	0	0	0	0	0	0	0	0	0	0	0	0	1	0	1	0	0	0	0	0	11
0	0	0	0	0	0	0	3570	0	0	0	0	7611	0	0	0	0	0	0	0	0	0	0	0	0	0	0	0	0	6	25	0	0	25911
0	0	0	0	0	0	0	13131	0	0	0	0	20	0	0	0	0	0	0	0	0	0	0	0	0	0	0	0	0	0	6	0	0	59
0	0	0	0	0	0	0	13945	0	0	0	0	0	0	0	0	0	0	0	0	0	0	0	1	0	0	0	2	0	0	0	0	1	0
0	0	0	0	0	0	0	10081	0	0	0	1	60	0	0	0	0	0	0	0	0	0	0	0	0	0	0	0	0	0	0	0	0	236
0	0	0	0	0	0	0	14385	0	0	0	0	33	0	0	0	0	0	0	0	0	0	0	0	0	0	0	0	0	0	2	0	0	64
0	0	0	0	0	0	0	17333	1	0	0	0	41	0	0	0	0	0	0	0	0	0	0	0	0	0	0	0	1	0	3	0	0	129
0	0	0	0	2	0	0	34707	0	0	0	0	3111	0	0	0	0	0	0	0	0	0	0	0	0	0	0	0	0	4	0	0	0	11573
0	0	0	0	26	0	0	6804	0	0	0	0	244404	52	0	0	0	0	0	0	1	8	0	0	0	0	0	0	0	2	8	0	1	524066
0	0	0	0	1	0	0	8865	1	0	0	1	65	8	0	0	0	0	0	0	0	1	0	0	0	0	0	0	0	8	2	0	2	161
0	0	1	0	26	0	0	4771	1	0	0	0	269033	61	0	0	0	0	0	0	0	0	0	0	0	13	0	0	0	4	29	0	0	568189
0	0	0	1	0	0	0	15510	2	0	0	0	17	0	0	0	0	0	0	0	0	0	0	0	0	0	0	0	0	0	0	0	0	37
0	0	0	0	0	0	0	17916	0	0	0	0	0	0	0	0	0	0	0	0	0	0	0	0	0	0	0	0	1	0	8	0	0	1
0	0	0	0	2	0	0	10504	0	0	0	0	23	11	0	0	0	0	0	0	0	0	0	0	0	0	0	1	0	0	4	1	0	69
0	0	0	0	0	0	0	20413	1	0	0	0	4	8	0	0	0	0	0	0	0	0	0	0	0	0	0	0	0	1	0	0	0	15
0	0	0	0	0	0	0	9721	0	0	0	0	57	15	0	0	0	0	0	0	0	1	0	0	0	0	0	1	0	1	10	0	0	212
0	0	0	0	1	0	0	20041	0	0	0	0	2	6	0	0	0	0	0	0	0	0	0	0	0	0	0	0	0	0	0	0	0	9
0	0	0	0	10	1	0	7573	0	0	0	0	2318	16	0	0	0	0	1	0	0	0	0	0	0	0	0	2	0	0	2	0	0	5802
0	0	0	0	2	0	0	27747	0	0	0	0	5	9	0	0	0	0	0	0	0	0	0	0	0	0	0	0	0	0	0	0	0	20
0	0	0	0	0	0	0	17604	0	0	0	0	1	0	0	0	0	0	0	0	0	0	0	0	0	0	0	0	0	0	0	0	0	11
0	0	0	0	6	0	0	9645	0	0	0	0	41	1	0	0	0	0	0	0	0	0	0	0	0	0	0	0	0	0	0	1	1	126
0	0	0	0	0	0	0	23754	0	0	0	0	7	8	0	0	0	0	0	0	0	0	0	0	0	0	0	1	0	0	2	0	0	21
4	0	0	0	6	0	0	22447	1	0	1	0	320	0	0	0	0	0	0	0	0	0	0	2	0	0	0	1	1	0	6	0	0	797
0	0	0	0	0	0	0	26092	0	0	0	0	5	2	0	0	0	0	0	0	0	0	0	0	0	0	0	0	0	0	0	0	0	14
0	0	0	0	0	0	0	19911	0	0	0	0	1	0	0	0	0	0	0	0	0	0	0	0	0	0	0	0	0	0	0	0	0	6
693	338	5	0	2	1	0	9642	19514	4	0	0	3	2	21	0	0	0	0	0	0	0	0	0	0	0	4	4	0	1	6	0	1	8
0	0	0	0	0	0	0	20060	2	0	0	0	1	2	0	0	0	0	0	0	0	0	0	0	0	0	0	0	0	0	0	0	0	6
0	0	0	0	1	0	0	12651	0	0	1	0	1	1	0	0	0	0	0	0	0	0	0	0	0	0	0	0	0	0	0	0	0	4
0	0	0	0	0	0	0	13310	0	0	0	0	1	5	0	0	0	0	0	0	0	0	0	0	0	0	0	1	0	0	2	0	0	2
0	0	0	0	7	0	0	11249	0	0	0	0	45	38	0	0	0	0	0	0	0	0	0	0	0	0	0	0	0	0	0	0	0	145
0	0	0	0	0	0	0	15962	0	0	0	1	3	12	0	0	0	0	0	0	0	0	0	0	0	0	0	0	0	0	1	0	0	15
0	0	0	0	0	0	0	5509	0	0	0	0	1	0	0	0	0	0	0	0	0	0	0	0	0	0	0	0	0	0	0	0	0	4
0	0	0	0	0	0	0	51	0	0	0	0	0	0	0	0	0	0	0	0	0	0	0	0	0	0	0	0	0	0	0	0	0	0
0	0	0	0	0	0	0	9672	0	0	0	0	1	0	0	0	0	0	0	0	0	0	0	0	0	0	0	0	0	0	0	0	0	3
1	0	0	0	3	0	0	11012	0	1	0	0	15	0	0	0	0	0	0	0	0	0	0	0	0	0	0	0	0	0	2	0	0	52
0	0	0	0	0	0	0	26481	22	0	0	0	4	2	0	0	0	0	0	0	0	0	0	0	0	0	0	0	0	0	1	0	0	4
0	0	0	0	0	0	0	5199	4	0	0	0	5	2	0	0	0	0	0	0	0	0	0	0	0	0	0	0	0	0	0	0	0	20
0	0	0	0	0	0	0	9296	0	0	0	0	8	2	0	0	0	0	0	0	0	0	0	0	0	0	0	0	0	0	0	0	0	24
0	0	0	0	2	0	0	3927	26	0	0	0	29	0	0	0	0	0	0	0	0	0	0	0	0	0	0	0	0	0	0	0	0	70
0	0	0	0	0	0	0	15957	0	0	0	0	2	0	0	0	0	0	0	0	0	0	0	0	0	0	0	1	0	0	94	0	0	8
0	0	0	0	0	0	0	11545	0	0	0	0	11	0	0	0	0	0	0	0	0	0	0	0	0	0	0	0	0	0	0	1	0	55
0	0	0	0	2	0	0	13606	8	0	0	0	34	2	0	0	0	0	0	0	0	0	0	0	0	0	0	0	0	0	0	0	0	83
0	0	0	0	0	0	0	11527	0	0	0	0	4	0	0	0	0	0	0	0	0	0	0	0	0	0	0	1	0	0	1	0	0	15
0	0	0	0	0	0	0	24109	0	0	0	0	3	0	0	0	0	0	0	0	0	0	0	0	0	2	0	2	0	0	1	0	0	13
0	0	0	0	2	0	0	13606	8	0	0	0	34	2	0	0	0	0	0	0	0	0	0	0	0	0	0	0	0	0	0	0	0	83
0	0	0	0	0	0	0	18950	0	0	0	0	19	0	0	0	0	0	0	0	0	0	0	0	0	0	0	0	1	1	2	0	0	58
0	0	0	0	0	0	0	13134	0	0	0	0	11	4	0	0	0	0	0	0	0	0	0	0	0	0	0	1	0	0	0	1	0	41
0	0	0	0	0	0	0	17190	0	0	0	0	2	2	0	0	0	0	0	0	0	0	0	0	0	0	0	0	0	0	0	0	0	8
0	6	0	0	0	0	0	12890	1532	0	0	0	3	0	3	0	0	0	0	0	0	0	0	0	0	0	0	1	0	0	2	0	0	7
0	0	0	0	0	0	0	13679	0	0	0	0	1	0	0	0	0	0	0	0	0	0	0	0	0	0	0	1	0	0	0	0	0	1
0	0	0	0	0	0	0	15261	1	0	0	0	1	0	0	0	0	0	0	0	0	0	0	0	0	2	0	0	0	0	0	0	0	4
0	0	0	0	0	0	0	9966	0	0	0	0	19	0	0	0	0	0	0	0	0	0	0	0	0	0	0	0	0	0	4	0	0	54
0	0	0	0	0	0	0	5602	0	0	0	0	0	0	0	0	0	0	0	0	0	0	0	0	0	0	0	0	0	0	0	0	0	1
0	0	0	0	4	0	0	5208	0	0	0	0	8	0	0	0	0	0	1	0	0	0	0	0	0	0	0	0	0	0	8	0	0	26
0	0	0	0	2	0	0	2239	0	0	0	0	1	0	0	0	0	0	0	0	0	0	0	0	0	0	0	0	0	0	8	0	0	2
0	0	0	0	2	0	0	14820	0	0	0	0	1	0	0	0	0	0	0	0	0	0	0	0	0	0	0	0	0	0	0	0	0	3
0	0	0	0	2	0	0	18878	1	0	0	0	90	0	0	0	0	0	0	0	0	0	0	0	0	0	0	0	0	1	0	0	0	227
0	0	0	0	0	0	0	18442	0	0	0	0	0	4	0	0	0	0	0	0	0	0	0	0	0	0	0	0	0	0	2	0	0	2
0	0	0	0	0	0	0	20029	0	0	0	0	224	0	0	0	0	0	0	0	0	0	0	0	0	0	0	1	0	1	2	1	0	696
0	0	0	0	0	0	0	6404	0	0	0	0	0	0	0	0	0	0	0	0	0	0	0	0	0	0	0	0	0	0	9	0	0	0
0	0	0	0	4	0	0	16319	0	0	0	0	9	5	0	0	0	0	0	0	0	0	0	0	0	0	0	0	0	0	4	0	0	33
0	0	0	0	0	0	0	5336	0	0	0	0	0	1	0	0	0	0	0	0	0	0	0	0	0	0	0	0	0	0	2	0	0	1
0	0	0	0	14	0	0	6377	0	0	0	0	25	71	0	0	0	0	0	0	0	0	0	0	0	0	0	0	0	0	80	0	0	53
0	0	0	0	0	0	0	15814	0	0	0	0	1	2	0	0	0	0	0	0	0	0	0	0	0	0	0	0	0	0	0	0	0	4
0	0	0	0	0	0	0	6923	0	0	2	0	1	0	0	0	0	0	0	0	0	0	0	0	0	0	0	0	0	0	0	0	0	3
0	0	0	0	0	0	0	15331	0	0	0	0	2	0	0	0	0	0	0	0	0	0	0	0	0	0	0	0	0	1	2	0	0	3
0	0	0	0	0	0	0	4729	0	0	0	0	0	0	0	0	0	0	0	0	0	0	0	0	0	0	0	0	0	0	2	0	0	1
0	0	0	0	0	0	0	22085	1	0	0	0	94	0	0	0	0	0	0	0	0	1	0	0	0	0	0	1	0	0	0	0	0	261
0	0	0	0	0	0	0	6109	0	0	0	0	1	0	0	0	0	0	0	0	0	0	0	0	0	0	0	0	0	0	2	0	0	1
0	0	0	0	2	0	0	15921	0	0	0	0	649	0	0	0	0	0	0	0	0	0	0	0	0	0	0	1	0	0	0	0	0	2124
0	0	0	0	0	0	0	13615	0	0	0	0	21	2	0	0	0	0	1	0	0	0	0	0	0	0	0	0	0	0	1	0	0	49
0	0	0	0	0	0	0	15040	0	0	0	0	6	0	0	0	0	0	0	0	0	0	0	0	0	0	0	0	0	0	5	0	0	12
0	0	0	0	0	0	0	10037	0	0	0	0	0	0	0	0	0	0	0	0	0	0	0	0	0	0	0	0	0	0	6	0	0	2
0	0	0	0	0	0	0	6346	0	0	0	0	2	2	0	0	0	0	0	0	0	0	0	0	0	0	0	0	0	0	0	0	0	2
0	0	0	0	0	0	0	26508	0	0	0	0	2	2	0	0	0	0	0	0	0	0	0	0	0	0	0	0	0	0	2	0	0	6
0	0	0	0	0	0	0	26907	0	0	0	0	9	2	0	0	0	0	0	0	0	0	0	0	0	0	0	0	0	18	0	0	0	27
0	0	0	0	0	0	0	20159	0	0	0	0	0	4	0	0	0	0	0	0	0	0	0	0	0	0	0	0	0	0	4	0	1	1
0	0	0	0	0	0	0	910	0	0	0	0	0	0	0	0	0	0	0	0	0	0	0	0	0	0	0	0	0	0	0	0	0	0
0	0	0	0	0	0	0	1130	0	0	0	0	0	0	0	0	0	0	0	0	0	0	0	0	0	0	0	0	0	0	0	0	0	0
0	0	0	0	6	0	0	14576	0	0	0	1	1	9	0	0	0	0	0	0	0	0	0	0	0	0	0	1	0	0	4	0	1	3
0	0	0	0	0	0	0	17211	0	0	0	0	0	2	0	0	0	0	0	0	0	0	0	0	0	0	0	0	0	0	0	0	0	1
0	0	0	0	0	0	0	18233	0	0	0	0	0	0	0	0	0	0	0	0	0	0	0	0	0	0	0	0	0	0	2	0	0	0
0	0	0	0	0	0	0	1455	0	0	0	0	0	0	0	0	0	0	0	0	0	0	0	0	0	0	0	0	0	0	0	0	0	0
0	0	0	0	0	0	0	29823	1	0	0	0	123	0	0	0	0	0	0	0	0	0	0	1	0	0	0	1	2	0	4	0	0	165
0	0	0	0	0	0	0	1224	0	0	0	0	0	0	0	0	0	0	0	0	0	0	0	0	0	0	0	0	0	0	0	0	0	0
0	0	0	0	0	0	0	16956	0	0	0	0	0	0	0	0	0	0	0	0	0	0	0	0	0	0	0	0	0	0	8	0	0	0
0	0	0	0	0	0	0	24370	0	0	0	0	0	4	0	0	0	0	0	0	0	0	0	0	0	0	0	0	0	0	2	0	0	1
0	0	0	0	0	0	0	958	0	0	0	0	0	0	0	0	0	0	0	0	0	0	0	0	0	0	0	0	0	0	0	0	0	0
